DATE,TEXT_TEXT,INTEGER,DECIMAL,TEXT_INT,BOOLEAN,test
2021-10-02,M,41,30.7,2,FALSE,1
2021-12-30,F,0,33.3,1,TRUE,2
2021-08-25,M,58,30,5,FALSE,3
2021-12-03,F,0,23.7,1,FALSE,4
2021-11-27,M,0,35.5,1,FALSE,5
2021-08-21,F,47,31.3,2,FALSE,6
2021-03-23,F,10,23,5,FALSE,7
2021-01-30,F,29,28.2,2,FALSE,8
2021-12-11,F,20,24.7,2,TRUE,9
2021-12-15,F,30,19.8,2,FALSE,10
2021-04-23,M,56,25.7,1,FALSE,11
2021-05-17,M,50,24.3,5,FALSE,12
2021-01-19,F,30,31.3,5,TRUE,13
2021-05-21,F,28,27.4,5,FALSE,14
2021-07-24,F,34,23.9,2,FALSE,15
2021-08-03,M,23,25.2,1,FALSE,16
2021-12-24,M,48,25.7,2,FALSE,17
2021-09-09,M,26,28.2,2,FALSE,18
2021-03-26,F,33,25.5,2,FALSE,19
2021-04-08,F,18,32.2,1,FALSE,20
2021-08-15,M,18,42.9,2,FALSE,21
2021-08-10,M,24,20.5,2,TRUE,22
2021-05-03,F,38,35.6,2,FALSE,23
2021-11-24,M,13,22.5,2,FALSE,24
2021-06-07,F,26,30.5,2,FALSE,25
2021-07-17,F,20,30.4,1,TRUE,26
2021-03-18,F,33,31.8,2,FALSE,27
2021-03-22,M,25,28.7,1,FALSE,28
2021-01-16,F,23,33.7,2,FALSE,29
2021-12-30,F,27,22.8,1,FALSE,30
2021-11-03,F,20,46.9,1,FALSE,31
2021-03-20,F,28,22.3,1,FALSE,32
2021-04-08,M,0,35.7,2,FALSE,33
2021-09-27,F,39,26.1,2,FALSE,34
2021-01-11,F,34,24.2,3,FALSE,35
2021-12-28,M,62,22.8,1,FALSE,36
2021-07-04,M,32,29.2,1,FALSE,37
2021-02-23,F,42,25.8,1,FALSE,38
2021-02-13,F,25,25.5,2,FALSE,39
2021-07-24,M,43,22.9,1,FALSE,40
2021-03-08,F,11,39.8,1,FALSE,41
2021-12-06,M,26,17.9,1,FALSE,42
2021-07-01,F,44,30.2,1,FALSE,43
2021-11-21,F,22,20.7,1,FALSE,44
2021-06-29,M,48,22.3,1,FALSE,45
2021-05-01,F,55,25.7,2,TRUE,46
2021-05-01,F,29,30.8,2,FALSE,47
2021-08-09,M,13,28,2,FALSE,48
2021-08-14,M,34,21,2,FALSE,49
2021-10-01,F,21,27.5,2,TRUE,50
2021-08-21,F,38,21.4,2,FALSE,51
2021-06-23,F,22,30.9,2,FALSE,52
2021-12-29,M,43,40.5,2,FALSE,53
2021-11-08,M,22,29,1,FALSE,54
2021-02-05,F,39,23.2,1,FALSE,55
2021-04-11,F,39,23.2,1,FALSE,56
2021-03-05,M,26,22.3,2,TRUE,57
2021-07-29,M,59,30.5,5,TRUE,58
2021-11-19,F,21,23.1,2,FALSE,59
2021-11-28,F,31,25.9,2,FALSE,60
2021-11-10,M,42,41.7,1,FALSE,61
2021-11-27,M,0,28.9,1,FALSE,62
2021-06-16,F,26,33.2,2,FALSE,63
2021-09-17,F,30,38.8,2,TRUE,64
2021-04-17,F,40,23.5,2,FALSE,65
2021-04-17,F,30,23.8,2,FALSE,66
2021-08-01,F,33,31,5,FALSE,67
2021-05-20,F,13,23.3,2,FALSE,68
2021-06-21,F,25,37.1,2,FALSE,69
2021-08-18,F,58,29,2,FALSE,70
2021-06-23,F,21,26.4,2,TRUE,71
2021-09-30,M,55,19.1,2,FALSE,72
2021-12-30,F,20,34.1,2,FALSE,73
2021-01-05,M,66,21.1,2,FALSE,74
2021-06-09,M,11,33.7,2,TRUE,75
2021-11-13,M,49,28.7,2,FALSE,76
2021-09-22,F,24,32.9,2,FALSE,77
2021-02-25,F,37,24.9,2,FALSE,78
2021-04-18,M,25,24.9,2,FALSE,79
2021-11-07,M,21,33.2,2,TRUE,80
2021-04-04,M,21,33.2,2,TRUE,81
2021-02-11,M,45,23.7,2,TRUE,82
2021-03-04,M,27,34.5,2,TRUE,83
2021-10-05,F,16,25.7,2,FALSE,84
2021-03-05,F,0,40.4,2,FALSE,85
2021-12-19,M,52,24.7,2,FALSE,86
2021-01-27,M,8,37.7,1,FALSE,87
2021-07-25,F,8,37.7,1,FALSE,88
2021-06-18,F,6,28.5,2,FALSE,89
2021-02-24,M,8,31,2,TRUE,90
2021-12-28,F,18,26,2,FALSE,91
2021-01-17,M,45,25.7,2,FALSE,92
2021-07-26,M,33,24.2,2,TRUE,93
2021-04-15,M,95,27.3,2,FALSE,94
2021-07-14,M,31,20.2,2,FALSE,95
2021-03-20,M,0,34.6,2,FALSE,96
2021-01-01,M,34,33.2,2,FALSE,97
2021-06-24,M,30,21,2,FALSE,98
2021-04-14,M,17,24,2,FALSE,99
2021-08-16,M,21,23.2,2,FALSE,100
2021-05-20,M,29,21.8,5,FALSE,101
2021-03-18,F,38,20.2,2,FALSE,102
2021-06-14,M,12,25.5,1,FALSE,103
2021-04-14,M,43,22.6,3,FALSE,104
2021-07-01,F,36,50.7,1,FALSE,105
2021-12-16,M,26,28.3,1,FALSE,106
2021-10-14,M,55,22.5,1,TRUE,107
2021-10-30,M,37,25.2,1,FALSE,108
2021-06-25,M,15,22.7,1,FALSE,109
2021-03-08,M,24,30,2,FALSE,110
2021-08-03,F,25,28.4,1,TRUE,111
2021-07-16,F,5,24.1,1,FALSE,112
2021-04-24,M,39,21.3,2,FALSE,113
2021-03-11,M,25,32.3,2,FALSE,114
2021-11-20,F,30,25.8,5,FALSE,115
2021-11-16,M,32,28.4,2,FALSE,116
2021-10-11,M,26,24.3,1,FALSE,117
2021-09-12,M,24,18.3,2,FALSE,118
2021-06-23,M,23,31.4,1,FALSE,119
2021-04-24,F,35,21.5,2,FALSE,120
2021-12-26,F,30,30,1,FALSE,121
2021-06-28,M,19,26,1,FALSE,122
2021-10-26,F,30,27.4,1,FALSE,123
2021-02-14,F,20,26.5,1,FALSE,124
2021-02-09,M,23,17.4,1,FALSE,125
2021-09-04,F,26,38.9,1,FALSE,126
2021-12-06,F,39,20.2,1,FALSE,127
2021-09-29,M,50,34.3,1,TRUE,128
2021-06-03,F,38,24.4,2,FALSE,129
2021-08-05,F,21,31,1,FALSE,130
2021-10-02,F,21,27.8,1,FALSE,131
2021-03-18,M,14,24.4,1,FALSE,132
2021-02-24,F,19,39.1,1,TRUE,133
2021-11-14,M,15,33.7,1,FALSE,134
2021-07-25,F,37,24,2,FALSE,135
2021-01-16,M,40,30.1,1,FALSE,136
2021-09-15,F,25,21.3,1,FALSE,137
2021-03-18,F,25,21.3,1,FALSE,138
2021-01-17,M,60,35.2,1,FALSE,139
2021-07-10,M,9,30.8,1,FALSE,140
2021-10-26,M,33,20,2,FALSE,141
2021-04-24,F,40,28.5,1,FALSE,142
2021-01-13,M,14,21.6,2,FALSE,143
2021-02-20,F,38,31.1,2,FALSE,144
2021-08-23,F,30,28.3,1,FALSE,145
2021-08-16,M,43,18.2,1,FALSE,146
2021-07-16,F,0,31.1,1,FALSE,147
2021-05-10,F,13,46.9,2,FALSE,148
2021-05-26,M,62,27.5,2,TRUE,149
2021-02-08,F,50,35.4,1,FALSE,150
2021-07-03,F,0,31.4,1,TRUE,151
2021-06-23,M,25,22.1,1,FALSE,152
2021-01-15,M,29,27.4,2,FALSE,153
2021-06-17,F,21,18.8,1,FALSE,154
2021-03-12,F,32,18.8,1,FALSE,155
2021-10-02,M,31,18.7,1,FALSE,156
2021-03-03,F,30,22.1,1,FALSE,157
2021-07-06,F,55,27.5,2,FALSE,158
2021-01-20,M,29,25.8,1,FALSE,159
2021-05-18,M,15,45.8,1,FALSE,160
2021-12-29,F,23,18.4,1,FALSE,161
2021-11-24,M,40,19.7,2,FALSE,162
2021-03-10,F,18,28.3,1,FALSE,163
2021-01-01,F,27,30,2,FALSE,164
2021-06-24,M,49,29,1,FALSE,165
2021-10-22,F,27,21.7,1,FALSE,166
2021-04-16,F,23,20.8,1,FALSE,167
2021-04-03,M,23,32.2,1,FALSE,168
2021-09-26,M,25,27.5,1,FALSE,169
2021-02-09,F,23,21,1,TRUE,170
2021-03-14,F,22,24.9,1,FALSE,171
2021-12-13,F,25,26.6,2,FALSE,172
2021-01-19,M,52,24.9,1,FALSE,173
2021-05-10,M,45,22.9,1,FALSE,174
2021-10-18,F,18,42.7,1,FALSE,175
2021-05-25,M,41,22.3,1,FALSE,176
2021-10-18,F,30,25.7,1,FALSE,177
2021-10-11,M,18,23.2,1,FALSE,178
2021-09-16,F,5,34.4,3,FALSE,179
2021-10-25,M,15,25.7,1,FALSE,180
2021-11-27,M,23,26.1,2,FALSE,181
2021-09-28,F,25,19.5,1,FALSE,182
2021-07-16,M,16,18.4,1,FALSE,183
2021-10-26,F,50,18.3,3,FALSE,184
2021-11-23,M,55,21.6,1,FALSE,185
2021-05-01,F,17,24.9,2,FALSE,186
2021-12-14,F,32,24.2,3,FALSE,187
2021-06-08,M,30,19.5,1,FALSE,188
2021-09-15,F,41,18,2,FALSE,189
2021-04-05,M,19,56.5,1,TRUE,190
2021-08-19,M,11,31.2,1,TRUE,191
2021-02-04,M,49,21.1,3,FALSE,192
2021-08-12,F,62,25.7,2,FALSE,193
2021-04-21,F,40,20,2,FALSE,194
2021-12-23,M,39,31.9,1,TRUE,195
2021-09-02,F,48,39.6,1,FALSE,196
2021-12-23,M,34,24.2,1,FALSE,197
2021-11-19,F,33,16.3,1,TRUE,198
2021-12-12,M,18,34.6,2,FALSE,199
2021-04-03,M,6,21.5,1,FALSE,200
2021-04-02,M,2,34.3,2,FALSE,201
2021-05-18,M,46,20.3,2,TRUE,202
2021-10-16,M,26,34,1,TRUE,203
2021-12-20,M,44,20.4,2,FALSE,204
2021-09-21,F,14,26.6,2,TRUE,205
2021-11-19,F,40,20.6,1,TRUE,206
2021-08-06,M,23,21.3,2,FALSE,207
2021-01-27,M,25,35.7,2,FALSE,208
2021-08-13,F,34,26.7,2,FALSE,209
2021-01-02,M,27,19.8,2,FALSE,210
2021-10-10,M,35,20.6,2,FALSE,211
2021-03-07,F,0,31.8,1,TRUE,212
2021-12-22,M,10,35.9,2,TRUE,213
2021-06-04,M,50,24,1,FALSE,214
2021-05-09,F,18,24.2,1,FALSE,215
2021-08-16,F,24,19.5,1,FALSE,216
2021-06-15,F,52,20.6,1,FALSE,217
2021-10-03,F,29,31.6,1,TRUE,218
2021-04-04,M,63,20.4,1,FALSE,219
2021-03-16,M,15,34.2,1,TRUE,220
2021-12-27,M,64,27.9,1,FALSE,221
2021-06-18,M,23,20.2,1,FALSE,222
2021-01-27,M,35,26.6,2,TRUE,223
2021-08-29,F,32,19,2,FALSE,224
2021-07-13,M,25,21.9,2,FALSE,225
2021-08-20,F,23,40.3,1,FALSE,226
2021-10-27,F,42,33.6,2,FALSE,227
2021-09-01,F,44,26.7,1,FALSE,228
2021-11-17,M,40,23.2,2,FALSE,229
2021-02-10,M,20,24.7,1,TRUE,230
2021-09-04,F,43,30.2,2,FALSE,231
2021-08-10,M,38,24.6,1,FALSE,232
2021-05-12,M,20,26.6,1,TRUE,233
2021-10-21,M,6,38.4,1,FALSE,234
2021-01-07,M,23,24.5,2,FALSE,235
2021-07-08,M,2,42.1,2,TRUE,236
2021-07-29,F,52,28.1,2,FALSE,237
2021-03-18,M,25,28.3,1,TRUE,238
2021-05-27,F,36,24.3,1,FALSE,239
2021-01-07,M,36,21.6,2,FALSE,240
2021-03-04,M,43,36.6,1,TRUE,241
2021-03-23,F,35,25.8,2,FALSE,242
2021-07-03,F,0,42,2,TRUE,243
2021-06-28,F,21,31.3,2,FALSE,244
2021-12-21,F,8,34.5,5,FALSE,245
2021-05-10,M,46,50.8,2,FALSE,246
2021-08-06,F,14,38.8,2,FALSE,247
2021-03-22,F,34,22.7,1,FALSE,248
2021-10-21,M,25,21.3,2,FALSE,249
2021-02-02,M,30,28.3,2,TRUE,250
2021-09-07,M,23,31.3,1,FALSE,251
2021-09-23,F,28,23.9,1,FALSE,252
2021-11-28,F,35,24.5,2,FALSE,253
2021-06-23,M,35,24.5,2,FALSE,254
2021-05-16,M,45,21.3,2,FALSE,255
2021-03-08,M,59,35.5,2,TRUE,256
2021-02-02,F,28,28.3,2,FALSE,257
2021-11-22,F,28,29.9,2,FALSE,258
2021-04-08,M,40,22.9,2,FALSE,259
2021-07-17,F,40,35.7,2,FALSE,260
2021-03-30,F,55,17.7,1,FALSE,261
2021-09-12,M,13,42.1,2,FALSE,262
2021-12-01,F,26,27.9,2,FALSE,263
2021-10-26,M,14,28.8,1,TRUE,264
2021-06-20,F,30,25.2,2,FALSE,265
2021-11-06,M,95,30.6,2,FALSE,266
2021-04-09,F,35,24.8,2,FALSE,267
2021-05-07,M,53,20.3,5,FALSE,268
2021-02-19,F,30,23,5,FALSE,269
2021-05-17,F,38,22.7,2,FALSE,270
2021-11-03,M,65,26.6,2,FALSE,271
2021-10-10,F,25,21.3,2,FALSE,272
2021-01-30,M,26,40.3,2,FALSE,273
2021-07-10,M,17,30.7,2,FALSE,274
2021-03-18,F,13,45.9,2,FALSE,275
2021-06-11,F,30,18,2,FALSE,276
2021-08-22,M,26,30.3,2,FALSE,277
2021-05-04,F,38,35.1,2,TRUE,278
2021-09-08,M,31,19.3,2,FALSE,279
2021-08-19,F,10,36.8,2,FALSE,280
2021-07-28,F,48,22.6,2,FALSE,281
2021-10-29,M,38,22.1,1,FALSE,282
2021-07-04,M,15,24.7,1,FALSE,283
2021-05-13,F,13,26.6,5,FALSE,284
2021-04-22,F,41,29.9,2,FALSE,285
2021-04-04,M,33,21.1,2,FALSE,286
2021-02-07,F,68,35.9,2,FALSE,287
2021-08-16,M,49,29.5,2,FALSE,288
2021-05-30,M,40,22.6,2,FALSE,289
2021-12-29,M,28,28.3,2,FALSE,290
2021-01-29,M,30,25,2,FALSE,291
2021-04-15,F,21,43.9,1,TRUE,292
2021-09-08,F,12,40.1,2,FALSE,293
2021-02-27,M,17,32.6,2,FALSE,294
2021-07-17,F,24,29.2,5,TRUE,295
2021-03-01,M,21,21.6,2,FALSE,296
2021-02-07,F,46,23.5,3,FALSE,297
2021-02-18,M,22,22.7,2,TRUE,298
2021-01-20,M,24,24.4,1,TRUE,299
2021-12-23,M,21,38.1,2,TRUE,300
2021-11-22,M,45,26.1,2,FALSE,301
2021-12-27,M,45,26.1,2,FALSE,302
2021-07-11,F,36,29.3,2,TRUE,303
2021-11-02,M,21,25.5,2,FALSE,304
2021-06-28,F,56,32.3,1,TRUE,305
2021-01-17,M,32,18.7,2,FALSE,306
2021-12-03,M,29,19.9,2,FALSE,307
2021-06-20,F,25,30,5,FALSE,308
2021-11-23,M,27,30,2,FALSE,309
2021-12-02,F,30,21.9,2,FALSE,310
2021-02-21,F,20,21.6,2,FALSE,311
2021-10-29,M,37,28.8,2,FALSE,312
2021-09-30,F,14,27.2,2,FALSE,313
2021-01-26,F,23,26.6,2,FALSE,314
2021-08-25,F,25,31.5,2,FALSE,315
2021-03-28,F,33,30.6,2,FALSE,316
2021-09-08,M,56,31.5,2,FALSE,317
2021-07-19,M,52,17.5,2,FALSE,318
2021-09-04,M,45,23.8,2,FALSE,319
2021-05-18,M,35,22.1,2,FALSE,320
2021-11-15,M,30,27,1,FALSE,321
2021-10-03,F,30,33.7,2,FALSE,322
2021-04-29,F,30,24.4,2,FALSE,323
2021-12-30,M,4,23.5,2,FALSE,324
2021-08-12,F,26,20.5,2,FALSE,325
2021-03-23,M,15,32.2,1,FALSE,326
2021-08-17,F,25,21.6,2,FALSE,327
2021-08-06,M,45,41,1,FALSE,328
2021-01-26,M,6,40.7,1,FALSE,329
2021-11-10,M,13,33.8,2,TRUE,330
2021-02-23,M,35,24.7,2,FALSE,331
2021-02-28,M,26,20.2,1,FALSE,332
2021-12-21,F,25,21.6,2,TRUE,333
2021-07-01,F,19,20.8,2,FALSE,334
2021-10-08,M,10,37.2,2,FALSE,335
2021-01-09,F,40,20.6,2,FALSE,336
2021-10-16,F,37,22.1,2,FALSE,337
2021-12-09,M,50,36,1,FALSE,338
2021-03-04,F,12,37.1,2,TRUE,339
2021-04-14,F,22,21.3,2,FALSE,340
2021-04-03,M,20,42.4,2,TRUE,341
2021-08-28,F,29,28.3,1,FALSE,342
2021-06-28,F,20,27.5,2,TRUE,343
2021-11-25,M,40,44.4,1,FALSE,344
2021-09-15,F,30,36.3,2,FALSE,345
2021-04-18,F,31,20.2,2,FALSE,346
2021-01-24,M,24,21.6,2,FALSE,347
2021-04-24,F,22,19.2,2,FALSE,348
2021-05-13,M,25,22.7,2,FALSE,349
2021-01-30,F,52,23.7,2,TRUE,350
2021-06-19,M,50,24,2,FALSE,351
2021-05-17,F,30,17.7,2,FALSE,352
2021-06-26,F,34,29.1,2,FALSE,353
2021-02-24,M,19,24.2,5,FALSE,354
2021-11-19,F,12,28.1,2,FALSE,355
2021-06-15,F,51,18.4,2,FALSE,356
2021-10-24,F,50,22,2,FALSE,357
2021-03-05,M,4,39.3,1,FALSE,358
2021-01-22,F,35,25.1,2,FALSE,359
2021-09-24,M,32,20.8,2,TRUE,360
2021-11-28,F,10,46.8,2,FALSE,361
2021-03-26,F,25,19,2,FALSE,362
2021-06-10,F,20,20.6,2,FALSE,363
2021-10-05,F,30,22.6,2,FALSE,364
2021-11-23,M,20,17.9,2,FALSE,365
2021-09-20,M,37,20.5,2,FALSE,366
2021-07-25,M,35,21.1,2,FALSE,367
2021-02-03,M,17,34.2,2,FALSE,368
2021-05-30,F,26,24.2,2,FALSE,369
2021-01-24,M,41,25.1,2,FALSE,370
2021-09-19,M,15,45.4,2,FALSE,371
2021-09-10,M,32,24.2,2,FALSE,372
2021-08-26,F,43,20.2,2,FALSE,373
2021-12-26,F,0,42.3,2,FALSE,374
2021-12-04,M,49,35.3,3,FALSE,375
2021-06-02,M,33,25.8,1,FALSE,376
2021-01-06,F,35,36.5,5,FALSE,377
2021-03-01,M,75,36.3,1,FALSE,378
2021-05-16,M,37,20.7,1,FALSE,379
2021-05-14,M,35,16.8,2,FALSE,380
2021-03-05,M,15,28.2,2,FALSE,381
2021-06-06,M,58,17.8,1,FALSE,382
2021-03-18,M,35,22.1,2,FALSE,383
2021-01-12,M,35,22.1,2,FALSE,384
2021-05-28,F,19,24.4,1,FALSE,385
2021-11-30,F,36,25.6,1,FALSE,386
2021-05-16,M,19,37.2,2,TRUE,387
2021-07-22,F,52,39.9,2,TRUE,388
2021-12-16,F,36,19.4,2,FALSE,389
2021-09-26,F,15,21.5,1,FALSE,390
2021-03-05,M,21,21,5,FALSE,391
2021-01-26,M,32,19.5,1,TRUE,392
2021-08-24,F,30,19.3,1,FALSE,393
2021-01-19,M,38,21.9,2,TRUE,394
2021-07-12,F,10,54.2,2,TRUE,395
2021-10-03,F,24,41.2,2,FALSE,396
2021-01-16,M,24,41.2,2,FALSE,397
2021-10-10,M,36,23.3,2,FALSE,398
2021-01-11,M,38,20.9,2,FALSE,399
2021-02-27,M,14,44.9,2,FALSE,400
2021-02-17,M,9,42,2,TRUE,401
2021-06-18,M,22,25.7,2,TRUE,402
2021-07-14,F,27,24.1,5,FALSE,403
2021-11-29,F,22,19.2,1,FALSE,404
2021-04-03,F,47,21,2,FALSE,405
2021-10-17,M,30,17.2,1,FALSE,406
2021-10-06,F,13,25.2,2,FALSE,407
2021-08-19,F,90,25.8,2,FALSE,408
2021-05-29,F,28,21.9,2,FALSE,409
2021-07-08,F,44,21.1,1,TRUE,410
2021-04-05,M,30,20.4,5,FALSE,411
2021-08-13,M,11,38.2,2,TRUE,412
2021-09-24,M,37,31.7,2,FALSE,413
2021-11-14,M,18,28,2,FALSE,414
2021-01-01,M,32,30.8,1,TRUE,415
2021-07-01,F,4,38.9,1,FALSE,416
2021-12-05,M,32,29.3,1,FALSE,417
2021-05-08,M,29,24,1,FALSE,418
2021-02-02,F,28,39.9,1,FALSE,419
2021-06-26,F,33,22.1,1,FALSE,420
2021-03-28,F,1,39.9,1,FALSE,421
2021-10-05,M,29,17.4,1,FALSE,422
2021-02-23,F,37,18.5,1,FALSE,423
2021-02-17,F,30,27.4,2,FALSE,424
2021-05-25,F,25,31.3,1,TRUE,425
2021-02-13,F,40,20.6,2,FALSE,426
2021-05-27,F,55,29.9,1,FALSE,427
2021-01-22,M,46,25.2,1,FALSE,428
2021-01-25,F,41,19.8,1,FALSE,429
2021-08-21,M,40,27.9,1,FALSE,430
2021-11-06,M,31,29.2,1,TRUE,431
2021-02-17,M,26,23.8,1,FALSE,432
2021-07-10,M,27,25,2,FALSE,433
2021-08-28,M,26,20.7,1,FALSE,434
2021-08-09,M,19,20.6,2,FALSE,435
2021-09-05,F,19,43.4,2,FALSE,436
2021-07-09,M,41,25,2,FALSE,437
2021-12-28,F,10,35.4,2,FALSE,438
2021-11-06,M,60,30,2,FALSE,439
2021-12-06,M,31,30.5,2,FALSE,440
2021-12-03,F,23,22.7,1,FALSE,441
2021-07-30,M,31,17.6,1,FALSE,442
2021-04-22,F,27,37.2,2,TRUE,443
2021-10-13,F,44,25.7,1,FALSE,444
2021-07-09,M,30,23.4,2,FALSE,445
2021-01-23,F,33,24.7,1,TRUE,446
2021-04-12,M,34,21,1,FALSE,447
2021-06-26,F,28,48.9,1,FALSE,448
2021-06-30,M,5,24.6,1,FALSE,449
2021-07-24,M,48,24.5,1,FALSE,450
2021-11-11,M,9,25.7,1,TRUE,451
2021-03-12,F,47,24,2,FALSE,452
2021-04-11,F,39,21.3,1,FALSE,453
2021-10-29,F,22,36.5,2,FALSE,454
2021-11-20,M,34,23.4,1,FALSE,455
2021-03-18,M,58,27.3,2,FALSE,456
2021-07-25,M,19,50.9,1,FALSE,457
2021-12-28,F,47,27,2,FALSE,458
2021-07-07,F,42,28.5,1,FALSE,459
2021-08-13,M,23,25.2,1,FALSE,460
2021-04-11,M,23,25.2,1,FALSE,461
2021-12-18,F,56,22.6,1,FALSE,462
2021-01-29,M,34,24,1,FALSE,463
2021-05-24,F,21,19.5,1,FALSE,464
2021-07-03,M,6,23.8,1,FALSE,465
2021-02-03,M,11,30.6,1,FALSE,466
2021-12-30,M,9,28.9,1,FALSE,467
2021-03-24,F,26,40.8,1,FALSE,468
2021-06-22,M,21,35.4,1,FALSE,469
2021-07-03,F,57,20.4,1,FALSE,470
2021-06-23,F,38,24.9,2,FALSE,471
2021-07-27,F,28,32.3,6,FALSE,472
2021-03-26,M,53,15.6,1,FALSE,473
2021-10-02,M,28,24.4,2,FALSE,474
2021-06-13,M,54,29.9,1,TRUE,475
2021-11-05,M,53,23.6,2,FALSE,476
2021-02-01,M,28,29.6,3,FALSE,477
2021-11-01,F,29,33.3,1,FALSE,478
2021-10-05,M,29,45.8,1,FALSE,479
2021-07-29,M,23,21.6,1,FALSE,480
2021-08-22,F,32,22.9,1,FALSE,481
2021-10-09,M,29,25.8,1,FALSE,482
2021-01-20,M,2,33.1,2,TRUE,483
2021-09-29,F,23,33.5,2,FALSE,484
2021-05-02,F,31,17.2,1,FALSE,485
2021-03-07,M,29,38.6,1,FALSE,486
2021-07-28,M,48,17.2,2,FALSE,487
2021-06-25,F,24,23.1,1,FALSE,488
2021-09-18,M,49,41.3,1,TRUE,489
2021-07-01,M,40,40.4,1,FALSE,490
2021-09-23,M,2,31,1,FALSE,491
2021-11-19,M,23,18.2,1,FALSE,492
2021-11-01,M,54,49.3,1,FALSE,493
2021-12-20,M,18,37.9,1,TRUE,494
2021-08-27,F,15,25.2,2,FALSE,495
2021-04-22,M,60,27.4,1,FALSE,496
2021-07-23,F,11,19.9,1,FALSE,497
2021-01-05,M,30,34.1,1,FALSE,498
2021-01-07,M,30,25,1,TRUE,499
2021-07-22,M,22,36.8,1,FALSE,500
2021-10-26,F,56,26.6,1,FALSE,501
2021-02-22,F,13,52.5,1,FALSE,502
2021-08-16,M,0,26.7,1,FALSE,503
2021-11-30,F,38,26.3,1,FALSE,504
2021-05-28,M,16,26.4,2,TRUE,505
2021-06-06,F,2,34,2,FALSE,506
2021-02-20,M,44,32.4,2,FALSE,507
2021-02-09,M,51,19.8,2,FALSE,508
2021-12-12,M,12,29.2,2,FALSE,509
2021-07-29,M,9,23.6,1,FALSE,510
2021-10-20,M,19,34.2,2,FALSE,511
2021-06-24,F,34,22.9,2,FALSE,512
2021-07-02,M,35,25,1,FALSE,513
2021-08-21,F,18,39.2,1,TRUE,514
2021-05-30,M,42,28.2,1,TRUE,515
2021-10-10,M,29,24.6,2,FALSE,516
2021-12-13,F,15,23.2,1,FALSE,517
2021-10-23,F,28,23.8,2,FALSE,518
2021-09-22,F,25,20.8,2,FALSE,519
2021-08-06,M,30,25.1,2,TRUE,520
2021-04-03,M,36,19,1,TRUE,521
2021-02-26,M,25,34.2,2,FALSE,522
2021-09-14,M,61,27.5,2,FALSE,523
2021-09-11,F,30,21,2,FALSE,524
2021-05-21,F,17,24.2,1,FALSE,525
2021-06-02,F,28,18.9,2,FALSE,526
2021-03-02,F,25,20.1,2,FALSE,527
2021-08-05,F,23,30,2,FALSE,528
2021-05-04,M,40,19.9,1,FALSE,529
2021-07-01,M,36,22.7,2,TRUE,530
2021-07-15,M,31,27.4,2,FALSE,531
2021-02-16,M,20,34.3,1,FALSE,532
2021-02-11,F,29,25.7,2,FALSE,533
2021-03-19,F,18,31,2,FALSE,534
2021-02-04,F,35,30.7,2,FALSE,535
2021-06-05,M,31,18.1,1,FALSE,536
2021-07-03,M,31,18.1,1,FALSE,537
2021-02-01,M,6,34.9,1,FALSE,538
2021-07-22,M,18,23.9,2,FALSE,539
2021-12-15,F,13,25.1,2,FALSE,540
2021-05-30,F,20,51.4,2,FALSE,541
2021-05-17,F,31,35.4,2,FALSE,542
2021-02-18,F,30,26.6,2,FALSE,543
2021-05-26,F,22,27.4,2,FALSE,544
2021-09-24,M,16,38.6,1,FALSE,545
2021-11-09,M,38,18.3,2,FALSE,546
2021-09-17,F,21,25.2,2,FALSE,547
2021-12-13,F,30,25.1,2,FALSE,548
2021-03-28,F,26,18.9,1,FALSE,549
2021-07-12,F,33,37.9,2,FALSE,550
2021-05-02,F,40,24.7,2,FALSE,551
2021-05-30,F,0,42.9,1,FALSE,552
2021-09-03,M,40,18.2,2,FALSE,553
2021-05-04,F,55,26.6,2,FALSE,554
2021-11-15,F,35,25.4,2,FALSE,555
2021-04-17,M,22,16.8,1,FALSE,556
2021-03-10,M,15,25.6,1,FALSE,557
2021-10-12,F,38,26.6,1,FALSE,558
2021-02-02,M,25,25.7,1,TRUE,559
2021-04-24,M,50,38.7,1,FALSE,560
2021-08-22,M,7,34.4,1,FALSE,561
2021-04-27,F,35,32.8,2,FALSE,562
2021-11-25,F,25,25.8,1,FALSE,563
2021-02-21,F,5,50.6,1,FALSE,564
2021-12-15,F,5,36.2,1,FALSE,565
2021-09-17,M,7,26.3,2,FALSE,566
2021-03-10,M,30,21.2,2,FALSE,567
2021-09-04,M,25,26.6,2,FALSE,568
2021-11-30,F,46,26.6,1,TRUE,569
2021-09-08,M,46,26.6,1,TRUE,570
2021-06-21,M,54,26.4,1,FALSE,571
2021-06-11,F,0,31.3,1,FALSE,572
2021-09-03,F,0,31.3,1,FALSE,573
2021-08-23,F,20,48.3,2,FALSE,574
2021-10-11,F,53,31.8,2,FALSE,575
2021-04-05,M,43,24.2,2,FALSE,576
2021-09-21,F,35,22.3,2,TRUE,577
2021-08-15,M,12,25.8,1,TRUE,578
2021-12-03,F,17,25.2,2,FALSE,579
2021-12-26,M,35,23,1,FALSE,580
2021-03-18,M,0,32.6,2,TRUE,581
2021-09-23,F,34,19.4,2,FALSE,582
2021-05-16,F,40,24.9,2,FALSE,583
2021-09-17,M,20,34,2,FALSE,584
2021-05-08,F,31,26.5,2,FALSE,585
2021-04-20,F,15,22.3,2,FALSE,586
2021-03-04,M,18,26.2,2,TRUE,587
2021-12-27,M,26,29.9,2,FALSE,588
2021-12-02,F,4,26,1,FALSE,589
2021-02-07,M,35,24.2,2,FALSE,590
2021-08-24,M,38,31.4,1,FALSE,591
2021-12-21,M,33,15.5,2,FALSE,592
2021-01-28,M,44,21.9,1,FALSE,593
2021-12-05,M,13,27.8,2,FALSE,594
2021-05-14,M,40,26.4,1,FALSE,595
2021-03-25,F,25,39.5,2,FALSE,596
2021-10-11,M,22,35.5,1,FALSE,597
2021-12-13,F,28,21.8,5,FALSE,598
2021-05-17,M,42,29.1,1,FALSE,599
2021-07-23,F,25,30.1,2,FALSE,600
2021-05-25,M,25,31.2,2,FALSE,601
2021-03-09,M,31,28.1,2,FALSE,602
2021-10-23,F,28,22,1,FALSE,603
2021-11-19,F,42,27.4,2,FALSE,604
2021-10-21,F,19,37,1,FALSE,605
2021-12-03,M,10,35.7,2,FALSE,606
2021-09-27,F,15,36.6,1,FALSE,607
2021-03-05,M,26,21.2,2,FALSE,608
2021-10-15,M,30,26.6,2,FALSE,609
2021-04-09,F,44,21.8,2,FALSE,610
2021-03-26,F,71,25,2,FALSE,611
2021-09-03,M,17,28,2,FALSE,612
2021-01-14,M,49,29.6,2,FALSE,613
2021-01-29,M,39,18.5,2,FALSE,614
2021-03-02,F,57,23,2,FALSE,615
2021-01-18,M,17,33.3,2,FALSE,616
2021-05-15,F,33,24.1,2,FALSE,617
2021-09-16,F,35,23.1,1,TRUE,618
2021-11-05,F,39,28.3,1,FALSE,619
2021-12-11,F,10,30,5,FALSE,620
2021-12-20,M,24,24.8,2,FALSE,621
2021-02-16,F,60,20.2,2,FALSE,622
2021-08-18,M,14,30.5,2,FALSE,623
2021-05-18,M,65,25.1,5,TRUE,624
2021-08-15,F,34,22.8,1,FALSE,625
2021-08-11,M,29,23.9,2,TRUE,626
2021-08-21,M,35,22.9,2,FALSE,627
2021-02-11,M,50,29.1,1,TRUE,628
2021-09-12,M,29,25.5,2,FALSE,629
2021-02-15,F,22,24,2,FALSE,630
2021-04-11,F,29,26.6,2,FALSE,631
2021-07-07,F,1,28.5,5,FALSE,632
2021-10-08,M,30,25.2,2,FALSE,633
2021-12-25,M,53,40,2,FALSE,634
2021-03-17,F,35,18.8,2,FALSE,635
2021-05-13,F,80,30.9,2,TRUE,636
2021-07-05,M,44,34.3,2,TRUE,637
2021-09-28,M,30,29.6,2,TRUE,638
2021-09-16,F,28,25.4,3,TRUE,639
2021-09-28,M,34,25.5,2,FALSE,640
2021-03-26,M,21,17.5,2,FALSE,641
2021-05-08,F,33,20.7,2,FALSE,642
2021-04-15,F,44,28.2,1,FALSE,643
2021-07-13,F,32,27.1,1,FALSE,644
2021-01-15,F,33,29.3,2,FALSE,645
2021-12-27,M,20,24.1,2,FALSE,646
2021-08-29,M,33,32.6,2,FALSE,647
2021-04-10,F,40,20.6,2,FALSE,648
2021-09-11,M,50,22.3,1,FALSE,649
2021-03-08,F,45,24.7,1,FALSE,650
2021-06-04,M,30,51.6,1,FALSE,651
2021-04-13,F,20,22.8,2,FALSE,652
2021-06-09,F,22,29.5,1,FALSE,653
2021-12-06,F,32,32,1,TRUE,654
2021-02-04,F,25,31.9,1,FALSE,655
2021-11-27,M,35,21.8,1,FALSE,656
2021-08-14,F,27,26.3,1,FALSE,657
2021-02-18,M,17,21.6,2,FALSE,658
2021-08-28,M,46,34.4,2,FALSE,659
2021-11-04,M,39,23.5,5,FALSE,660
2021-06-23,F,25,20.7,1,FALSE,661
2021-10-25,F,0,33.7,1,FALSE,662
2021-09-28,M,32,25.4,1,FALSE,663
2021-09-13,F,17,40.4,1,FALSE,664
2021-08-22,M,27,29.1,1,FALSE,665
2021-07-28,F,14,42.9,1,FALSE,666
2021-12-14,F,5,48.5,1,FALSE,667
2021-01-25,F,17,19.8,1,FALSE,668
2021-08-14,F,27,19.2,2,FALSE,669
2021-05-23,M,18,20.5,1,FALSE,670
2021-04-02,M,46,23.5,1,FALSE,671
2021-09-10,F,37,22.8,2,FALSE,672
2021-01-08,M,0,33.8,1,FALSE,673
2021-03-14,M,18,22.8,1,TRUE,674
2021-11-19,M,30,32.6,2,FALSE,675
2021-08-07,M,18,22.3,1,FALSE,676
2021-10-13,M,5,40.3,1,FALSE,677
2021-09-20,M,15,35.3,1,FALSE,678
2021-05-29,F,11,36.9,1,FALSE,679
2021-06-30,F,31,29.4,1,FALSE,680
2021-12-18,F,53,27.8,1,FALSE,681
2021-01-15,M,12,25.1,1,FALSE,682
2021-02-03,F,15,30,1,FALSE,683
2021-10-21,M,11,36.4,1,FALSE,684
2021-11-12,F,8,36,1,FALSE,685
2021-09-13,F,27,27.4,2,FALSE,686
2021-02-13,F,25,25.8,2,FALSE,687
2021-10-20,M,26,33.2,2,TRUE,688
2021-03-10,F,11,29.1,2,FALSE,689
2021-01-28,F,25,25.6,2,FALSE,690
2021-01-01,F,29,30.8,1,FALSE,691
2021-06-11,M,17,23.7,1,FALSE,692
2021-01-25,F,37,33.5,5,TRUE,693
2021-01-01,F,35,34.9,2,FALSE,694
2021-12-02,F,38,25.2,1,FALSE,695
2021-02-08,M,12,22.8,1,FALSE,696
2021-07-25,M,40,20,1,FALSE,697
2021-05-01,M,27,24.6,1,FALSE,698
2021-04-17,M,46,19.5,3,FALSE,699
2021-09-30,F,45,29,2,FALSE,700
2021-12-26,F,5,39.2,1,TRUE,701
2021-06-28,M,21,38.4,1,FALSE,702
2021-05-26,F,41,25.1,2,TRUE,703
2021-12-21,M,25,25.5,2,FALSE,704
2021-03-19,F,52,22.7,1,FALSE,705
2021-03-15,F,49,24.7,2,FALSE,706
2021-04-14,M,5,23.2,1,FALSE,707
2021-09-18,M,15,36,2,TRUE,708
2021-08-01,M,7,38.3,1,TRUE,709
2021-11-15,F,22,32.9,1,FALSE,710
2021-03-13,M,16,43.3,1,TRUE,711
2021-09-14,F,35,21.5,1,FALSE,712
2021-05-28,F,41,21,1,TRUE,713
2021-04-03,M,0,30.9,1,FALSE,714
2021-04-30,M,30,19.9,1,FALSE,715
2021-09-19,F,19,28.3,1,FALSE,716
2021-12-14,F,22,35.7,1,FALSE,717
2021-05-19,M,47,21.1,1,FALSE,718
2021-08-02,M,35,20.7,1,FALSE,719
2021-10-30,M,49,22.5,1,FALSE,720
2021-09-24,F,16,30.8,1,FALSE,721
2021-04-22,F,14,35.9,1,FALSE,722
2021-11-29,F,20,29.9,1,FALSE,723
2021-05-28,F,36,18,1,FALSE,724
2021-11-11,F,30,42.3,1,FALSE,725
2021-10-27,M,6,33.7,2,FALSE,726
2021-07-16,M,50,35,1,TRUE,727
2021-02-23,M,46,21,2,FALSE,728
2021-06-05,M,6,28.7,2,FALSE,729
2021-03-28,M,23,42.1,2,FALSE,730
2021-02-22,M,23,33,2,FALSE,731
2021-05-01,M,54,18.8,1,FALSE,732
2021-04-30,M,42,35.4,1,FALSE,733
2021-12-27,F,16,24.2,1,FALSE,734
2021-09-21,M,20,26.4,1,FALSE,735
2021-03-04,F,18,21.5,2,FALSE,736
2021-12-24,F,21,42.1,2,FALSE,737
2021-11-04,F,10,28.3,1,FALSE,738
2021-04-03,F,38,28.3,1,FALSE,739
2021-03-26,F,9,40.3,2,TRUE,740
2021-04-02,F,43,28.3,1,TRUE,741
2021-09-20,F,45,27.3,1,FALSE,742
2021-06-05,M,14,49.4,1,FALSE,743
2021-07-29,M,38,27.7,2,FALSE,744
2021-02-02,M,34,23,1,FALSE,745
2021-11-22,F,33,18.6,2,FALSE,746
2021-01-01,F,43,29.8,2,FALSE,747
2021-09-01,F,33,29.9,1,FALSE,748
2021-07-26,F,7,40,2,FALSE,749
2021-04-10,M,36,29.9,2,FALSE,750
2021-01-11,F,65,27.5,2,FALSE,751
2021-01-21,M,53,28,2,FALSE,752
2021-01-06,F,15,33.1,1,FALSE,753
2021-02-06,M,13,25.1,3,FALSE,754
2021-08-02,M,20,27.8,1,FALSE,755
2021-07-22,M,65,19.7,1,FALSE,756
2021-10-24,F,44,22.1,2,FALSE,757
2021-06-13,F,8,26,1,FALSE,758
2021-05-13,M,5,49.1,1,FALSE,759
2021-07-24,F,33,25.2,1,FALSE,760
2021-06-16,F,30,20.1,3,FALSE,761
2021-04-13,M,5,28.4,1,FALSE,762
2021-07-21,M,20,27.5,1,FALSE,763
2021-05-16,M,32,30.3,1,FALSE,764
2021-03-01,M,31,24,1,FALSE,765
2021-05-13,F,36,21,2,FALSE,766
2021-12-03,M,65,27.3,1,FALSE,767
2021-09-02,M,45,22.5,2,FALSE,768
2021-03-11,M,52,25.5,2,FALSE,769
2021-05-19,F,15,47,1,TRUE,770
2021-05-17,M,11,30.3,1,FALSE,771
2021-06-28,M,28,30.2,2,FALSE,772
2021-09-30,M,28,22.7,2,FALSE,773
2021-02-16,F,15,31.1,2,TRUE,774
2021-01-08,M,16,27.5,2,FALSE,775
2021-09-08,F,23,38.2,2,FALSE,776
2021-12-30,F,62,22.1,2,FALSE,777
2021-04-28,F,35,25.8,2,FALSE,778
2021-12-05,F,22,20.4,2,FALSE,779
2021-03-19,F,24,22.1,1,FALSE,780
2021-01-14,M,38,24.8,1,FALSE,781
2021-07-24,F,14,18.9,1,FALSE,782
2021-05-04,F,30,19.8,1,FALSE,783
2021-04-03,F,0,50.9,2,FALSE,784
2021-01-30,F,19,26.7,2,FALSE,785
2021-12-01,F,50,25.7,2,FALSE,786
2021-03-01,M,22,27.4,2,FALSE,787
2021-11-17,F,50,24.4,1,FALSE,788
2021-04-12,M,60,28,2,FALSE,789
2021-07-08,M,37,26.6,1,FALSE,790
2021-06-22,M,1,51.8,1,FALSE,791
2021-09-29,F,35,29.4,5,FALSE,792
2021-06-21,M,16,36.3,3,FALSE,793
2021-03-15,F,32,24.6,2,FALSE,794
2021-10-27,M,30,22.9,2,FALSE,795
2021-04-03,M,35,25.6,2,FALSE,796
2021-08-25,M,25,27.4,2,FALSE,797
2021-01-18,F,40,25.8,2,FALSE,798
2021-05-27,F,4,31.7,2,FALSE,799
2021-09-20,M,48,34.1,2,FALSE,800
2021-08-29,F,11,28.5,1,FALSE,801
2021-02-19,M,42,21.9,2,FALSE,802
2021-05-15,M,22,25.4,1,FALSE,803
2021-08-29,F,32,28,2,FALSE,804
2021-10-01,M,16,34.9,2,TRUE,805
2021-06-11,F,0,31.8,2,FALSE,806
2021-12-13,F,30,29.8,2,FALSE,807
2021-03-01,F,20,25.4,1,TRUE,808
2021-04-21,F,20,34.5,1,FALSE,809
2021-04-22,F,36,27.1,2,FALSE,810
2021-05-23,M,18,38.1,5,FALSE,811
2021-10-27,F,45,24,1,FALSE,812
2021-01-03,F,10,43.3,1,FALSE,813
2021-12-26,M,12,31.5,2,FALSE,814
2021-11-04,M,40,21,5,FALSE,815
2021-05-04,M,21,21.5,2,FALSE,816
2021-04-22,M,45,33,2,FALSE,817
2021-10-24,M,64,30.9,1,FALSE,818
2021-04-03,M,38,20.3,2,FALSE,819
2021-08-20,F,29,32.2,5,TRUE,820
2021-12-08,M,39,34.7,1,TRUE,821
2021-04-01,M,29,40.2,1,FALSE,822
2021-09-25,M,60,20.8,1,FALSE,823
2021-06-04,F,31,18,1,FALSE,824
2021-11-04,F,30,24.1,5,FALSE,825
2021-01-02,M,45,26.2,2,FALSE,826
2021-05-16,F,35,19.7,2,FALSE,827
2021-05-18,F,38,24.3,2,FALSE,828
2021-10-22,M,50,32.6,2,FALSE,829
2021-02-16,F,47,27.7,5,FALSE,830
2021-01-22,M,47,27.7,5,FALSE,831
2021-06-24,F,40,22.9,2,TRUE,832
2021-04-13,M,26,21.3,1,FALSE,833
2021-06-25,F,30,21,2,FALSE,834
2021-02-21,F,12,24.1,2,FALSE,835
2021-05-27,F,12,24.1,2,FALSE,836
2021-11-10,M,17,22.5,2,FALSE,837
2021-04-21,F,17,23.7,2,FALSE,838
2021-01-03,M,21,19.1,2,FALSE,839
2021-07-01,M,24,22.3,1,FALSE,840
2021-01-17,F,27,17,2,FALSE,841
2021-07-09,M,26,21.1,2,FALSE,842
2021-10-09,M,38,30.7,2,FALSE,843
2021-03-26,F,41,29.2,6,FALSE,844
2021-08-18,F,6,23.1,2,FALSE,845
2021-07-17,F,28,29.2,2,FALSE,846
2021-11-16,M,52,23.7,2,FALSE,847
2021-09-28,F,36,16.2,2,FALSE,848
2021-10-14,M,87,30.1,6,FALSE,849
2021-12-16,F,33,17.5,1,FALSE,850
2021-01-02,M,43,15.3,1,FALSE,851
2021-08-29,M,19,27.8,5,FALSE,852
2021-01-20,F,19,22,1,FALSE,853
2021-01-10,M,60,26,3,FALSE,854
2021-01-15,M,24,18.2,2,FALSE,855
2021-08-10,M,14,42.6,2,TRUE,856
2021-10-06,F,9,36.6,1,FALSE,857
2021-10-07,F,29,39.1,2,FALSE,858
2021-10-22,F,27,28.1,1,FALSE,859
2021-09-13,F,19,25.1,1,FALSE,860
2021-04-23,M,10,37.2,1,FALSE,861
2021-06-13,F,29,28.3,1,FALSE,862
2021-06-03,M,40,26,1,FALSE,863
2021-10-16,M,37,31.8,1,FALSE,864
2021-10-03,F,0,35.5,1,FALSE,865
2021-11-26,F,35,37.5,1,FALSE,866
2021-11-23,F,40,18.9,1,FALSE,867
2021-06-20,M,30,34,2,FALSE,868
2021-04-02,F,29,17.3,1,TRUE,869
2021-04-06,F,40,36,1,FALSE,870
2021-04-21,M,34,24.3,1,FALSE,871
2021-08-24,F,51,21.8,1,FALSE,872
2021-07-07,F,42,25.3,1,FALSE,873
2021-02-13,F,43,19.7,1,FALSE,874
2021-10-25,M,7,38.4,1,FALSE,875
2021-09-14,M,26,21.9,1,FALSE,876
2021-10-03,F,32,21.3,1,TRUE,877
2021-02-13,F,34,23.4,2,FALSE,878
2021-10-27,M,28,30,3,FALSE,879
2021-03-29,M,32,27.5,1,FALSE,880
2021-08-07,M,30,17.7,1,FALSE,881
2021-07-26,M,22,35.1,2,TRUE,882
2021-01-25,F,30,34.9,2,FALSE,883
2021-07-01,M,20,21.5,2,FALSE,884
2021-01-25,F,17,30.4,1,FALSE,885
2021-05-11,M,23,26,1,FALSE,886
2021-03-02,F,32,32.9,2,FALSE,887
2021-10-10,M,67,31,1,FALSE,888
2021-06-05,M,15,48.6,2,FALSE,889
2021-06-12,F,6,34.7,1,FALSE,890
2021-02-19,F,37,19.8,2,TRUE,891
2021-03-21,M,46,19.1,2,FALSE,892
2021-12-06,F,41,21.1,1,FALSE,893
2021-07-24,F,0,49.2,1,FALSE,894
2021-05-07,M,10,21.9,1,FALSE,895
2021-12-06,M,21,22.3,1,TRUE,896
2021-12-25,M,38,23.4,2,FALSE,897
2021-03-02,M,26,29.1,1,FALSE,898
2021-11-18,F,0,26.8,1,FALSE,899
2021-06-29,F,35,21.6,1,FALSE,900
2021-10-27,M,50,22.7,1,FALSE,901
2021-02-01,M,24,18.7,1,TRUE,902
2021-02-10,M,38,29.1,1,FALSE,903
2021-12-29,F,14,27.3,2,FALSE,904
2021-10-17,M,55,25,2,FALSE,905
2021-10-04,M,18,26.9,1,TRUE,906
2021-09-09,F,21,23,1,FALSE,907
2021-03-24,M,40,29.3,1,FALSE,908
2021-06-22,F,55,26.6,1,FALSE,909
2021-07-30,M,17,26.9,2,FALSE,910
2021-12-27,M,44,23.5,1,TRUE,911
2021-05-07,F,47,28,1,FALSE,912
2021-09-26,M,34,19.7,1,FALSE,913
2021-11-18,M,11,37.5,1,FALSE,914
2021-03-06,M,20,25.1,1,FALSE,915
2021-06-28,F,38,24.9,2,FALSE,916
2021-05-21,F,24,20.4,2,FALSE,917
2021-08-21,F,16,29.2,2,TRUE,918
2021-02-23,F,27,26.5,2,FALSE,919
2021-11-09,F,14,21.7,2,FALSE,920
2021-02-17,F,14,33.2,1,FALSE,921
2021-10-07,M,13,39.1,1,FALSE,922
2021-03-09,M,31,23.9,1,FALSE,923
2021-07-08,F,25,25,1,TRUE,924
2021-05-09,M,31,21,2,FALSE,925
2021-03-12,M,11,21.3,1,FALSE,926
2021-04-09,M,26,19.6,1,FALSE,927
2021-12-27,F,59,24.2,2,FALSE,928
2021-10-28,F,40,19.1,2,FALSE,929
2021-08-10,F,31,21.9,2,FALSE,930
2021-08-29,F,24,31.8,2,TRUE,931
2021-03-26,F,25,29.2,2,FALSE,932
2021-10-21,F,27,28.6,5,FALSE,933
2021-02-28,M,55,20.4,2,FALSE,934
2021-01-05,M,30,20.4,2,FALSE,935
2021-06-18,M,31,35.5,3,TRUE,936
2021-01-16,M,43,21.7,2,TRUE,937
2021-11-22,F,10,33.9,2,TRUE,938
2021-04-17,F,53,22.3,2,FALSE,939
2021-07-07,F,18,32.4,2,FALSE,940
2021-01-09,F,72,42.4,2,FALSE,941
2021-12-03,F,35,24.3,2,TRUE,942
2021-09-09,F,60,23.5,2,FALSE,943
2021-11-30,F,28,32.7,2,FALSE,944
2021-06-29,F,24,17.9,3,FALSE,945
2021-05-21,M,33,21.9,5,TRUE,946
2021-08-07,F,20,22.3,2,FALSE,947
2021-05-20,M,20,25.1,2,FALSE,948
2021-03-02,F,71,25.8,2,FALSE,949
2021-06-26,M,40,29,2,TRUE,950
2021-04-12,M,40,22.1,2,FALSE,951
2021-11-12,M,52,30.2,2,FALSE,952
2021-09-01,M,40,21.9,2,FALSE,953
2021-01-26,M,27,46.1,2,FALSE,954
2021-12-11,M,20,21.6,2,FALSE,955
2021-09-18,F,30,31.1,1,FALSE,956
2021-06-10,M,2,39.8,1,FALSE,957
2021-11-04,M,32,25.6,2,FALSE,958
2021-08-18,M,52,29.5,2,FALSE,959
2021-05-10,M,6,39.8,2,FALSE,960
2021-10-21,F,30,23.8,5,TRUE,961
2021-02-01,F,21,19.3,1,FALSE,962
2021-02-27,M,39,25.7,1,FALSE,963
2021-03-05,F,17,30.5,1,FALSE,964
2021-07-24,M,32,31.6,2,FALSE,965
2021-07-18,F,9,33.9,2,FALSE,966
2021-05-24,F,34,29.5,1,FALSE,967
2021-05-07,F,33,22,2,TRUE,968
2021-08-30,M,17,34,2,FALSE,969
2021-06-12,F,43,22.8,2,FALSE,970
2021-02-17,F,19,30.7,5,TRUE,971
2021-10-15,F,21,31.3,1,FALSE,972
2021-09-15,F,14,25.6,2,FALSE,973
2021-02-11,M,44,22.5,2,FALSE,974
2021-04-25,F,34,19.5,2,FALSE,975
2021-11-13,F,27,29.8,2,FALSE,976
2021-11-06,M,44,27.5,2,FALSE,977
2021-07-02,M,45,21.6,2,FALSE,978
2021-07-23,F,50,29.3,2,FALSE,979
2021-09-06,F,30,30.9,2,FALSE,980
2021-12-14,F,33,25.7,3,FALSE,981
2021-01-29,M,28,19.5,2,FALSE,982
2021-05-16,M,38,34.7,2,FALSE,983
2021-03-04,F,16,27.3,1,FALSE,984
2021-07-12,M,6,23.2,3,FALSE,985
2021-09-30,F,31,19.8,2,FALSE,986
2021-03-05,M,41,19.9,1,FALSE,987
2021-03-27,F,37,26.6,1,FALSE,988
2021-03-03,F,62,26.6,2,FALSE,989
2021-07-03,F,30,24.4,2,FALSE,990
2021-03-29,F,23,22.1,2,FALSE,991
2021-04-03,M,41,27.6,1,FALSE,992
2021-07-11,F,48,27.5,2,FALSE,993
2021-07-07,F,18,21.4,1,FALSE,994
2021-01-14,M,40,23.4,2,FALSE,995
2021-08-10,F,24,28.5,1,FALSE,996
2021-08-24,F,14,36,1,FALSE,997
2021-02-13,F,23,28.9,1,FALSE,998
2021-02-09,F,38,18.5,1,FALSE,999
2021-11-12,F,13,23.6,1,FALSE,1000
2021-10-02,M,29.62084685,27.56118198,1.693273273,FALSE,1001
2021-12-30,F,29.62087651,27.56088824,1.693229863,TRUE,1002
2021-08-25,M,29.62090617,27.5605945,1.693186453,FALSE,1003
2021-12-03,F,29.62093584,27.56030076,1.693143043,FALSE,1004
2021-11-27,M,29.6209655,27.56000701,1.693099633,FALSE,1005
2021-08-21,F,29.62099517,27.55971327,1.693056223,FALSE,1006
2021-03-23,F,29.62102483,27.55941953,1.693012813,FALSE,1007
2021-01-30,F,29.6210545,27.55912579,1.692969403,FALSE,1008
2021-12-11,F,29.62108416,27.55883204,1.692925993,TRUE,1009
2021-12-15,F,29.62111382,27.5585383,1.692882583,FALSE,1010
2021-04-23,M,29.62114349,27.55824456,1.692839173,FALSE,1011
2021-05-17,M,29.62117315,27.55795082,1.692795763,FALSE,1012
2021-01-19,F,29.62120282,27.55765707,1.692752353,TRUE,1013
2021-05-21,F,29.62123248,27.55736333,1.692708943,FALSE,1014
2021-07-24,F,29.62126214,27.55706959,1.692665533,FALSE,1015
2021-08-03,M,29.62129181,27.55677585,1.692622123,FALSE,1016
2021-12-24,M,29.62132147,27.55648211,1.692578713,FALSE,1017
2021-09-09,M,29.62135114,27.55618836,1.692535303,FALSE,1018
2021-03-26,F,29.6213808,27.55589462,1.692491892,FALSE,1019
2021-04-08,F,29.62141046,27.55560088,1.692448482,FALSE,1020
2021-08-15,M,29.62144013,27.55530714,1.692405072,FALSE,1021
2021-08-10,M,29.62146979,27.55501339,1.692361662,TRUE,1022
2021-05-03,F,29.62149946,27.55471965,1.692318252,FALSE,1023
2021-11-24,M,29.62152912,27.55442591,1.692274842,FALSE,1024
2021-06-07,F,29.62155878,27.55413217,1.692231432,FALSE,1025
2021-07-17,F,29.62158845,27.55383842,1.692188022,TRUE,1026
2021-03-18,F,29.62161811,27.55354468,1.692144612,FALSE,1027
2021-03-22,M,29.62164778,27.55325094,1.692101202,FALSE,1028
2021-01-16,F,29.62167744,27.5529572,1.692057792,FALSE,1029
2021-12-30,F,29.6217071,27.55266346,1.692014382,FALSE,1030
2021-11-03,F,29.62173677,27.55236971,1.691970972,FALSE,1031
2021-03-20,F,29.62176643,27.55207597,1.691927562,FALSE,1032
2021-04-08,M,29.6217961,27.55178223,1.691884152,FALSE,1033
2021-09-27,F,29.62182576,27.55148849,1.691840742,FALSE,1034
2021-01-11,F,29.62185542,27.55119474,1.691797332,FALSE,1035
2021-12-28,M,29.62188509,27.550901,1.691753922,FALSE,1036
2021-07-04,M,29.62191475,27.55060726,1.691710512,FALSE,1037
2021-02-23,F,29.62194442,27.55031352,1.691667102,FALSE,1038
2021-02-13,F,29.62197408,27.55001977,1.691623692,FALSE,1039
2021-07-24,M,29.62200374,27.54972603,1.691580282,FALSE,1040
2021-03-08,F,29.62203341,27.54943229,1.691536872,FALSE,1041
2021-12-06,M,29.62206307,27.54913855,1.691493461,FALSE,1042
2021-07-01,F,29.62209274,27.54884481,1.691450051,FALSE,1043
2021-11-21,F,29.6221224,27.54855106,1.691406641,FALSE,1044
2021-06-29,M,29.62215206,27.54825732,1.691363231,FALSE,1045
2021-05-01,F,29.62218173,27.54796358,1.691319821,TRUE,1046
2021-05-01,F,29.62221139,27.54766984,1.691276411,FALSE,1047
2021-08-09,M,29.62224106,27.54737609,1.691233001,FALSE,1048
2021-08-14,M,29.62227072,27.54708235,1.691189591,FALSE,1049
2021-10-01,F,29.62230038,27.54678861,1.691146181,TRUE,1050
2021-08-21,F,29.62233005,27.54649487,1.691102771,FALSE,1051
2021-06-23,F,29.62235971,27.54620113,1.691059361,FALSE,1052
2021-12-29,M,29.62238938,27.54590738,1.691015951,FALSE,1053
2021-11-08,M,29.62241904,27.54561364,1.690972541,FALSE,1054
2021-02-05,F,29.6224487,27.5453199,1.690929131,FALSE,1055
2021-04-11,F,29.62247837,27.54502616,1.690885721,FALSE,1056
2021-03-05,M,29.62250803,27.54473241,1.690842311,TRUE,1057
2021-07-29,M,29.6225377,27.54443867,1.690798901,TRUE,1058
2021-11-19,F,29.62256736,27.54414493,1.690755491,FALSE,1059
2021-11-28,F,29.62259702,27.54385119,1.690712081,FALSE,1060
2021-11-10,M,29.62262669,27.54355744,1.690668671,FALSE,1061
2021-11-27,M,29.62265635,27.5432637,1.690625261,FALSE,1062
2021-06-16,F,29.62268602,27.54296996,1.690581851,FALSE,1063
2021-09-17,F,29.62271568,27.54267622,1.690538441,TRUE,1064
2021-04-17,F,29.62274534,27.54238248,1.69049503,FALSE,1065
2021-04-17,F,29.62277501,27.54208873,1.69045162,FALSE,1066
2021-08-01,F,29.62280467,27.54179499,1.69040821,FALSE,1067
2021-05-20,F,29.62283434,27.54150125,1.6903648,FALSE,1068
2021-06-21,F,29.622864,27.54120751,1.69032139,FALSE,1069
2021-08-18,F,29.62289366,27.54091376,1.69027798,FALSE,1070
2021-06-23,F,29.62292333,27.54062002,1.69023457,TRUE,1071
2021-09-30,M,29.62295299,27.54032628,1.69019116,FALSE,1072
2021-12-30,F,29.62298266,27.54003254,1.69014775,FALSE,1073
2021-01-05,M,29.62301232,27.53973879,1.69010434,FALSE,1074
2021-06-09,M,29.62304199,27.53944505,1.69006093,TRUE,1075
2021-11-13,M,29.62307165,27.53915131,1.69001752,FALSE,1076
2021-09-22,F,29.62310131,27.53885757,1.68997411,FALSE,1077
2021-02-25,F,29.62313098,27.53856383,1.6899307,FALSE,1078
2021-04-18,M,29.62316064,27.53827008,1.68988729,FALSE,1079
2021-11-07,M,29.62319031,27.53797634,1.68984388,TRUE,1080
2021-04-04,M,29.62321997,27.5376826,1.68980047,TRUE,1081
2021-02-11,M,29.62324963,27.53738886,1.68975706,TRUE,1082
2021-03-04,M,29.6232793,27.53709511,1.68971365,TRUE,1083
2021-10-05,F,29.62330896,27.53680137,1.68967024,FALSE,1084
2021-03-05,F,29.62333863,27.53650763,1.68962683,FALSE,1085
2021-12-19,M,29.62336829,27.53621389,1.68958342,FALSE,1086
2021-01-27,M,29.62339795,27.53592014,1.68954001,FALSE,1087
2021-07-25,F,29.62342762,27.5356264,1.689496599,FALSE,1088
2021-06-18,F,29.62345728,27.53533266,1.689453189,FALSE,1089
2021-02-24,M,29.62348695,27.53503892,1.689409779,TRUE,1090
2021-12-28,F,29.62351661,27.53474518,1.689366369,FALSE,1091
2021-01-17,M,29.62354627,27.53445143,1.689322959,FALSE,1092
2021-07-26,M,29.62357594,27.53415769,1.689279549,TRUE,1093
2021-04-15,M,29.6236056,27.53386395,1.689236139,FALSE,1094
2021-07-14,M,29.62363527,27.53357021,1.689192729,FALSE,1095
2021-03-20,M,29.62366493,27.53327646,1.689149319,FALSE,1096
2021-01-01,M,29.62369459,27.53298272,1.689105909,FALSE,1097
2021-06-24,M,29.62372426,27.53268898,1.689062499,FALSE,1098
2021-04-14,M,29.62375392,27.53239524,1.689019089,FALSE,1099
2021-08-16,M,29.62378359,27.53210149,1.688975679,FALSE,1100
2021-05-20,M,29.62381325,27.53180775,1.688932269,FALSE,1101
2021-03-18,F,29.62384291,27.53151401,1.688888859,FALSE,1102
2021-06-14,M,29.62387258,27.53122027,1.688845449,FALSE,1103
2021-04-14,M,29.62390224,27.53092653,1.688802039,FALSE,1104
2021-07-01,F,29.62393191,27.53063278,1.688758629,FALSE,1105
2021-12-16,M,29.62396157,27.53033904,1.688715219,FALSE,1106
2021-10-14,M,29.62399123,27.5300453,1.688671809,TRUE,1107
2021-10-30,M,29.6240209,27.52975156,1.688628399,FALSE,1108
2021-06-25,M,29.62405056,27.52945781,1.688584989,FALSE,1109
2021-03-08,M,29.62408023,27.52916407,1.688541579,FALSE,1110
2021-08-03,F,29.62410989,27.52887033,1.688498168,TRUE,1111
2021-07-16,F,29.62413955,27.52857659,1.688454758,FALSE,1112
2021-04-24,M,29.62416922,27.52828285,1.688411348,FALSE,1113
2021-03-11,M,29.62419888,27.5279891,1.688367938,FALSE,1114
2021-11-20,F,29.62422855,27.52769536,1.688324528,FALSE,1115
2021-11-16,M,29.62425821,27.52740162,1.688281118,FALSE,1116
2021-10-11,M,29.62428787,27.52710788,1.688237708,FALSE,1117
2021-09-12,M,29.62431754,27.52681413,1.688194298,FALSE,1118
2021-06-23,M,29.6243472,27.52652039,1.688150888,FALSE,1119
2021-04-24,F,29.62437687,27.52622665,1.688107478,FALSE,1120
2021-12-26,F,29.62440653,27.52593291,1.688064068,FALSE,1121
2021-06-28,M,29.62443619,27.52563916,1.688020658,FALSE,1122
2021-10-26,F,29.62446586,27.52534542,1.687977248,FALSE,1123
2021-02-14,F,29.62449552,27.52505168,1.687933838,FALSE,1124
2021-02-09,M,29.62452519,27.52475794,1.687890428,FALSE,1125
2021-09-04,F,29.62455485,27.5244642,1.687847018,FALSE,1126
2021-12-06,F,29.62458451,27.52417045,1.687803608,FALSE,1127
2021-09-29,M,29.62461418,27.52387671,1.687760198,TRUE,1128
2021-06-03,F,29.62464384,27.52358297,1.687716788,FALSE,1129
2021-08-05,F,29.62467351,27.52328923,1.687673378,FALSE,1130
2021-10-02,F,29.62470317,27.52299548,1.687629968,FALSE,1131
2021-03-18,M,29.62473283,27.52270174,1.687586558,FALSE,1132
2021-02-24,F,29.6247625,27.522408,1.687543148,TRUE,1133
2021-11-14,M,29.62479216,27.52211426,1.687499737,FALSE,1134
2021-07-25,F,29.62482183,27.52182051,1.687456327,FALSE,1135
2021-01-16,M,29.62485149,27.52152677,1.687412917,FALSE,1136
2021-09-15,F,29.62488115,27.52123303,1.687369507,FALSE,1137
2021-03-18,F,29.62491082,27.52093929,1.687326097,FALSE,1138
2021-01-17,M,29.62494048,27.52064555,1.687282687,FALSE,1139
2021-07-10,M,29.62497015,27.5203518,1.687239277,FALSE,1140
2021-10-26,M,29.62499981,27.52005806,1.687195867,FALSE,1141
2021-04-24,F,29.62502948,27.51976432,1.687152457,FALSE,1142
2021-01-13,M,29.62505914,27.51947058,1.687109047,FALSE,1143
2021-02-20,F,29.6250888,27.51917683,1.687065637,FALSE,1144
2021-08-23,F,29.62511847,27.51888309,1.687022227,FALSE,1145
2021-08-16,M,29.62514813,27.51858935,1.686978817,FALSE,1146
2021-07-16,F,29.6251778,27.51829561,1.686935407,FALSE,1147
2021-05-10,F,29.62520746,27.51800186,1.686891997,FALSE,1148
2021-05-26,M,29.62523712,27.51770812,1.686848587,TRUE,1149
2021-02-08,F,29.62526679,27.51741438,1.686805177,FALSE,1150
2021-07-03,F,29.62529645,27.51712064,1.686761767,TRUE,1151
2021-06-23,M,29.62532612,27.5168269,1.686718357,FALSE,1152
2021-01-15,M,29.62535578,27.51653315,1.686674947,FALSE,1153
2021-06-17,F,29.62538544,27.51623941,1.686631537,FALSE,1154
2021-03-12,F,29.62541511,27.51594567,1.686588127,FALSE,1155
2021-10-02,M,29.62544477,27.51565193,1.686544717,FALSE,1156
2021-03-03,F,29.62547444,27.51535818,1.686501307,FALSE,1157
2021-07-06,F,29.6255041,27.51506444,1.686457896,FALSE,1158
2021-01-20,M,29.62553376,27.5147707,1.686414486,FALSE,1159
2021-05-18,M,29.62556343,27.51447696,1.686371076,FALSE,1160
2021-12-29,F,29.62559309,27.51418321,1.686327666,FALSE,1161
2021-11-24,M,29.62562276,27.51388947,1.686284256,FALSE,1162
2021-03-10,F,29.62565242,27.51359573,1.686240846,FALSE,1163
2021-01-01,F,29.62568208,27.51330199,1.686197436,FALSE,1164
2021-06-24,M,29.62571175,27.51300825,1.686154026,FALSE,1165
2021-10-22,F,29.62574141,27.5127145,1.686110616,FALSE,1166
2021-04-16,F,29.62577108,27.51242076,1.686067206,FALSE,1167
2021-04-03,M,29.62580074,27.51212702,1.686023796,FALSE,1168
2021-09-26,M,29.6258304,27.51183328,1.685980386,FALSE,1169
2021-02-09,F,29.62586007,27.51153953,1.685936976,TRUE,1170
2021-03-14,F,29.62588973,27.51124579,1.685893566,FALSE,1171
2021-12-13,F,29.6259194,27.51095205,1.685850156,FALSE,1172
2021-01-19,M,29.62594906,27.51065831,1.685806746,FALSE,1173
2021-05-10,M,29.62597872,27.51036457,1.685763336,FALSE,1174
2021-10-18,F,29.62600839,27.51007082,1.685719926,FALSE,1175
2021-05-25,M,29.62603805,27.50977708,1.685676516,FALSE,1176
2021-10-18,F,29.62606772,27.50948334,1.685633106,FALSE,1177
2021-10-11,M,29.62609738,27.5091896,1.685589696,FALSE,1178
2021-09-16,F,29.62612704,27.50889585,1.685546286,FALSE,1179
2021-10-25,M,29.62615671,27.50860211,1.685502876,FALSE,1180
2021-11-27,M,29.62618637,27.50830837,1.685459465,FALSE,1181
2021-09-28,F,29.62621604,27.50801463,1.685416055,FALSE,1182
2021-07-16,M,29.6262457,27.50772088,1.685372645,FALSE,1183
2021-10-26,F,29.62627536,27.50742714,1.685329235,FALSE,1184
2021-11-23,M,29.62630503,27.5071334,1.685285825,FALSE,1185
2021-05-01,F,29.62633469,27.50683966,1.685242415,FALSE,1186
2021-12-14,F,29.62636436,27.50654592,1.685199005,FALSE,1187
2021-06-08,M,29.62639402,27.50625217,1.685155595,FALSE,1188
2021-09-15,F,29.62642368,27.50595843,1.685112185,FALSE,1189
2021-04-05,M,29.62645335,27.50566469,1.685068775,TRUE,1190
2021-08-19,M,29.62648301,27.50537095,1.685025365,TRUE,1191
2021-02-04,M,29.62651268,27.5050772,1.684981955,FALSE,1192
2021-08-12,F,29.62654234,27.50478346,1.684938545,FALSE,1193
2021-04-21,F,29.626572,27.50448972,1.684895135,FALSE,1194
2021-12-23,M,29.62660167,27.50419598,1.684851725,TRUE,1195
2021-09-02,F,29.62663133,27.50390223,1.684808315,FALSE,1196
2021-12-23,M,29.626661,27.50360849,1.684764905,FALSE,1197
2021-11-19,F,29.62669066,27.50331475,1.684721495,TRUE,1198
2021-12-12,M,29.62672032,27.50302101,1.684678085,FALSE,1199
2021-04-03,M,29.62674999,27.50272727,1.684634675,FALSE,1200
2021-04-02,M,29.62677965,27.50243352,1.684591265,FALSE,1201
2021-05-18,M,29.62680932,27.50213978,1.684547855,TRUE,1202
2021-10-16,M,29.62683898,27.50184604,1.684504445,TRUE,1203
2021-12-20,M,29.62686864,27.5015523,1.684461034,FALSE,1204
2021-09-21,F,29.62689831,27.50125855,1.684417624,TRUE,1205
2021-11-19,F,29.62692797,27.50096481,1.684374214,TRUE,1206
2021-08-06,M,29.62695764,27.50067107,1.684330804,FALSE,1207
2021-01-27,M,29.6269873,27.50037733,1.684287394,FALSE,1208
2021-08-13,F,29.62701697,27.50008358,1.684243984,FALSE,1209
2021-01-02,M,29.62704663,27.49978984,1.684200574,FALSE,1210
2021-10-10,M,29.62707629,27.4994961,1.684157164,FALSE,1211
2021-03-07,F,29.62710596,27.49920236,1.684113754,TRUE,1212
2021-12-22,M,29.62713562,27.49890862,1.684070344,TRUE,1213
2021-06-04,M,29.62716529,27.49861487,1.684026934,FALSE,1214
2021-05-09,F,29.62719495,27.49832113,1.683983524,FALSE,1215
2021-08-16,F,29.62722461,27.49802739,1.683940114,FALSE,1216
2021-06-15,F,29.62725428,27.49773365,1.683896704,FALSE,1217
2021-10-03,F,29.62728394,27.4974399,1.683853294,TRUE,1218
2021-04-04,M,29.62731361,27.49714616,1.683809884,FALSE,1219
2021-03-16,M,29.62734327,27.49685242,1.683766474,TRUE,1220
2021-12-27,M,29.62737293,27.49655868,1.683723064,FALSE,1221
2021-06-18,M,29.6274026,27.49626494,1.683679654,FALSE,1222
2021-01-27,M,29.62743226,27.49597119,1.683636244,TRUE,1223
2021-08-29,F,29.62746193,27.49567745,1.683592834,FALSE,1224
2021-07-13,M,29.62749159,27.49538371,1.683549424,FALSE,1225
2021-08-20,F,29.62752125,27.49508997,1.683506014,FALSE,1226
2021-10-27,F,29.62755092,27.49479622,1.683462603,FALSE,1227
2021-09-01,F,29.62758058,27.49450248,1.683419193,FALSE,1228
2021-11-17,M,29.62761025,27.49420874,1.683375783,FALSE,1229
2021-02-10,M,29.62763991,27.493915,1.683332373,TRUE,1230
2021-09-04,F,29.62766957,27.49362125,1.683288963,FALSE,1231
2021-08-10,M,29.62769924,27.49332751,1.683245553,FALSE,1232
2021-05-12,M,29.6277289,27.49303377,1.683202143,TRUE,1233
2021-10-21,M,29.62775857,27.49274003,1.683158733,FALSE,1234
2021-01-07,M,29.62778823,27.49244629,1.683115323,FALSE,1235
2021-07-08,M,29.62781789,27.49215254,1.683071913,TRUE,1236
2021-07-29,F,29.62784756,27.4918588,1.683028503,FALSE,1237
2021-03-18,M,29.62787722,27.49156506,1.682985093,TRUE,1238
2021-05-27,F,29.62790689,27.49127132,1.682941683,FALSE,1239
2021-01-07,M,29.62793655,27.49097757,1.682898273,FALSE,1240
2021-03-04,M,29.62796621,27.49068383,1.682854863,TRUE,1241
2021-03-23,F,29.62799588,27.49039009,1.682811453,FALSE,1242
2021-07-03,F,29.62802554,27.49009635,1.682768043,TRUE,1243
2021-06-28,F,29.62805521,27.4898026,1.682724633,FALSE,1244
2021-12-21,F,29.62808487,27.48950886,1.682681223,FALSE,1245
2021-05-10,M,29.62811453,27.48921512,1.682637813,FALSE,1246
2021-08-06,F,29.6281442,27.48892138,1.682594403,FALSE,1247
2021-03-22,F,29.62817386,27.48862764,1.682550993,FALSE,1248
2021-10-21,M,29.62820353,27.48833389,1.682507583,FALSE,1249
2021-02-02,M,29.62823319,27.48804015,1.682464172,TRUE,1250
2021-09-07,M,29.62826285,27.48774641,1.682420762,FALSE,1251
2021-09-23,F,29.62829252,27.48745267,1.682377352,FALSE,1252
2021-11-28,F,29.62832218,27.48715892,1.682333942,FALSE,1253
2021-06-23,M,29.62835185,27.48686518,1.682290532,FALSE,1254
2021-05-16,M,29.62838151,27.48657144,1.682247122,FALSE,1255
2021-03-08,M,29.62841117,27.4862777,1.682203712,TRUE,1256
2021-02-02,F,29.62844084,27.48598395,1.682160302,FALSE,1257
2021-11-22,F,29.6284705,27.48569021,1.682116892,FALSE,1258
2021-04-08,M,29.62850017,27.48539647,1.682073482,FALSE,1259
2021-07-17,F,29.62852983,27.48510273,1.682030072,FALSE,1260
2021-03-30,F,29.62855949,27.48480899,1.681986662,FALSE,1261
2021-09-12,M,29.62858916,27.48451524,1.681943252,FALSE,1262
2021-12-01,F,29.62861882,27.4842215,1.681899842,FALSE,1263
2021-10-26,M,29.62864849,27.48392776,1.681856432,TRUE,1264
2021-06-20,F,29.62867815,27.48363402,1.681813022,FALSE,1265
2021-11-06,M,29.62870781,27.48334027,1.681769612,FALSE,1266
2021-04-09,F,29.62873748,27.48304653,1.681726202,FALSE,1267
2021-05-07,M,29.62876714,27.48275279,1.681682792,FALSE,1268
2021-02-19,F,29.62879681,27.48245905,1.681639382,FALSE,1269
2021-05-17,F,29.62882647,27.4821653,1.681595972,FALSE,1270
2021-11-03,M,29.62885613,27.48187156,1.681552562,FALSE,1271
2021-10-10,F,29.6288858,27.48157782,1.681509152,FALSE,1272
2021-01-30,M,29.62891546,27.48128408,1.681465741,FALSE,1273
2021-07-10,M,29.62894513,27.48099034,1.681422331,FALSE,1274
2021-03-18,F,29.62897479,27.48069659,1.681378921,FALSE,1275
2021-06-11,F,29.62900446,27.48040285,1.681335511,FALSE,1276
2021-08-22,M,29.62903412,27.48010911,1.681292101,FALSE,1277
2021-05-04,F,29.62906378,27.47981537,1.681248691,TRUE,1278
2021-09-08,M,29.62909345,27.47952162,1.681205281,FALSE,1279
2021-08-19,F,29.62912311,27.47922788,1.681161871,FALSE,1280
2021-07-28,F,29.62915278,27.47893414,1.681118461,FALSE,1281
2021-10-29,M,29.62918244,27.4786404,1.681075051,FALSE,1282
2021-07-04,M,29.6292121,27.47834666,1.681031641,FALSE,1283
2021-05-13,F,29.62924177,27.47805291,1.680988231,FALSE,1284
2021-04-22,F,29.62927143,27.47775917,1.680944821,FALSE,1285
2021-04-04,M,29.6293011,27.47746543,1.680901411,FALSE,1286
2021-02-07,F,29.62933076,27.47717169,1.680858001,FALSE,1287
2021-08-16,M,29.62936042,27.47687794,1.680814591,FALSE,1288
2021-05-30,M,29.62939009,27.4765842,1.680771181,FALSE,1289
2021-12-29,M,29.62941975,27.47629046,1.680727771,FALSE,1290
2021-01-29,M,29.62944942,27.47599672,1.680684361,FALSE,1291
2021-04-15,F,29.62947908,27.47570297,1.680640951,TRUE,1292
2021-09-08,F,29.62950874,27.47540923,1.680597541,FALSE,1293
2021-02-27,M,29.62953841,27.47511549,1.680554131,FALSE,1294
2021-07-17,F,29.62956807,27.47482175,1.680510721,TRUE,1295
2021-03-01,M,29.62959774,27.47452801,1.68046731,FALSE,1296
2021-02-07,F,29.6296274,27.47423426,1.6804239,FALSE,1297
2021-02-18,M,29.62965706,27.47394052,1.68038049,TRUE,1298
2021-01-20,M,29.62968673,27.47364678,1.68033708,TRUE,1299
2021-12-23,M,29.62971639,27.47335304,1.68029367,TRUE,1300
2021-11-22,M,29.62974606,27.47305929,1.68025026,FALSE,1301
2021-12-27,M,29.62977572,27.47276555,1.68020685,FALSE,1302
2021-07-11,F,29.62980538,27.47247181,1.68016344,TRUE,1303
2021-11-02,M,29.62983505,27.47217807,1.68012003,FALSE,1304
2021-06-28,F,29.62986471,27.47188432,1.68007662,TRUE,1305
2021-01-17,M,29.62989438,27.47159058,1.68003321,FALSE,1306
2021-12-03,M,29.62992404,27.47129684,1.6799898,FALSE,1307
2021-06-20,F,29.6299537,27.4710031,1.67994639,FALSE,1308
2021-11-23,M,29.62998337,27.47070936,1.67990298,FALSE,1309
2021-12-02,F,29.63001303,27.47041561,1.67985957,FALSE,1310
2021-02-21,F,29.6300427,27.47012187,1.67981616,FALSE,1311
2021-10-29,M,29.63007236,27.46982813,1.67977275,FALSE,1312
2021-09-30,F,29.63010202,27.46953439,1.67972934,FALSE,1313
2021-01-26,F,29.63013169,27.46924064,1.67968593,FALSE,1314
2021-08-25,F,29.63016135,27.4689469,1.67964252,FALSE,1315
2021-03-28,F,29.63019102,27.46865316,1.67959911,FALSE,1316
2021-09-08,M,29.63022068,27.46835942,1.6795557,FALSE,1317
2021-07-19,M,29.63025034,27.46806567,1.67951229,FALSE,1318
2021-09-04,M,29.63028001,27.46777193,1.679468879,FALSE,1319
2021-05-18,M,29.63030967,27.46747819,1.679425469,FALSE,1320
2021-11-15,M,29.63033934,27.46718445,1.679382059,FALSE,1321
2021-10-03,F,29.630369,27.46689071,1.679338649,FALSE,1322
2021-04-29,F,29.63039866,27.46659696,1.679295239,FALSE,1323
2021-12-30,M,29.63042833,27.46630322,1.679251829,FALSE,1324
2021-08-12,F,29.63045799,27.46600948,1.679208419,FALSE,1325
2021-03-23,M,29.63048766,27.46571574,1.679165009,FALSE,1326
2021-08-17,F,29.63051732,27.46542199,1.679121599,FALSE,1327
2021-08-06,M,29.63054698,27.46512825,1.679078189,FALSE,1328
2021-01-26,M,29.63057665,27.46483451,1.679034779,FALSE,1329
2021-11-10,M,29.63060631,27.46454077,1.678991369,TRUE,1330
2021-02-23,M,29.63063598,27.46424703,1.678947959,FALSE,1331
2021-02-28,M,29.63066564,27.46395328,1.678904549,FALSE,1332
2021-12-21,F,29.6306953,27.46365954,1.678861139,TRUE,1333
2021-07-01,F,29.63072497,27.4633658,1.678817729,FALSE,1334
2021-10-08,M,29.63075463,27.46307206,1.678774319,FALSE,1335
2021-01-09,F,29.6307843,27.46277831,1.678730909,FALSE,1336
2021-10-16,F,29.63081396,27.46248457,1.678687499,FALSE,1337
2021-12-09,M,29.63084362,27.46219083,1.678644089,FALSE,1338
2021-03-04,F,29.63087329,27.46189709,1.678600679,TRUE,1339
2021-04-14,F,29.63090295,27.46160334,1.678557269,FALSE,1340
2021-04-03,M,29.63093262,27.4613096,1.678513859,TRUE,1341
2021-08-28,F,29.63096228,27.46101586,1.678470448,FALSE,1342
2021-06-28,F,29.63099194,27.46072212,1.678427038,TRUE,1343
2021-11-25,M,29.63102161,27.46042838,1.678383628,FALSE,1344
2021-09-15,F,29.63105127,27.46013463,1.678340218,FALSE,1345
2021-04-18,F,29.63108094,27.45984089,1.678296808,FALSE,1346
2021-01-24,M,29.6311106,27.45954715,1.678253398,FALSE,1347
2021-04-24,F,29.63114027,27.45925341,1.678209988,FALSE,1348
2021-05-13,M,29.63116993,27.45895966,1.678166578,FALSE,1349
2021-01-30,F,29.63119959,27.45866592,1.678123168,TRUE,1350
2021-06-19,M,29.63122926,27.45837218,1.678079758,FALSE,1351
2021-05-17,F,29.63125892,27.45807844,1.678036348,FALSE,1352
2021-06-26,F,29.63128859,27.45778469,1.677992938,FALSE,1353
2021-02-24,M,29.63131825,27.45749095,1.677949528,FALSE,1354
2021-11-19,F,29.63134791,27.45719721,1.677906118,FALSE,1355
2021-06-15,F,29.63137758,27.45690347,1.677862708,FALSE,1356
2021-10-24,F,29.63140724,27.45660973,1.677819298,FALSE,1357
2021-03-05,M,29.63143691,27.45631598,1.677775888,FALSE,1358
2021-01-22,F,29.63146657,27.45602224,1.677732478,FALSE,1359
2021-09-24,M,29.63149623,27.4557285,1.677689068,TRUE,1360
2021-11-28,F,29.6315259,27.45543476,1.677645658,FALSE,1361
2021-03-26,F,29.63155556,27.45514101,1.677602248,FALSE,1362
2021-06-10,F,29.63158523,27.45484727,1.677558838,FALSE,1363
2021-10-05,F,29.63161489,27.45455353,1.677515428,FALSE,1364
2021-11-23,M,29.63164455,27.45425979,1.677472017,FALSE,1365
2021-09-20,M,29.63167422,27.45396604,1.677428607,FALSE,1366
2021-07-25,M,29.63170388,27.4536723,1.677385197,FALSE,1367
2021-02-03,M,29.63173355,27.45337856,1.677341787,FALSE,1368
2021-05-30,F,29.63176321,27.45308482,1.677298377,FALSE,1369
2021-01-24,M,29.63179287,27.45279108,1.677254967,FALSE,1370
2021-09-19,M,29.63182254,27.45249733,1.677211557,FALSE,1371
2021-09-10,M,29.6318522,27.45220359,1.677168147,FALSE,1372
2021-08-26,F,29.63188187,27.45190985,1.677124737,FALSE,1373
2021-12-26,F,29.63191153,27.45161611,1.677081327,FALSE,1374
2021-12-04,M,29.63194119,27.45132236,1.677037917,FALSE,1375
2021-06-02,M,29.63197086,27.45102862,1.676994507,FALSE,1376
2021-01-06,F,29.63200052,27.45073488,1.676951097,FALSE,1377
2021-03-01,M,29.63203019,27.45044114,1.676907687,FALSE,1378
2021-05-16,M,29.63205985,27.45014739,1.676864277,FALSE,1379
2021-05-14,M,29.63208951,27.44985365,1.676820867,FALSE,1380
2021-03-05,M,29.63211918,27.44955991,1.676777457,FALSE,1381
2021-06-06,M,29.63214884,27.44926617,1.676734047,FALSE,1382
2021-03-18,M,29.63217851,27.44897243,1.676690637,FALSE,1383
2021-01-12,M,29.63220817,27.44867868,1.676647227,FALSE,1384
2021-05-28,F,29.63223783,27.44838494,1.676603817,FALSE,1385
2021-11-30,F,29.6322675,27.4480912,1.676560407,FALSE,1386
2021-05-16,M,29.63229716,27.44779746,1.676516997,TRUE,1387
2021-07-22,F,29.63232683,27.44750371,1.676473586,TRUE,1388
2021-12-16,F,29.63235649,27.44720997,1.676430176,FALSE,1389
2021-09-26,F,29.63238615,27.44691623,1.676386766,FALSE,1390
2021-03-05,M,29.63241582,27.44662249,1.676343356,FALSE,1391
2021-01-26,M,29.63244548,27.44632875,1.676299946,TRUE,1392
2021-08-24,F,29.63247515,27.446035,1.676256536,FALSE,1393
2021-01-19,M,29.63250481,27.44574126,1.676213126,TRUE,1394
2021-07-12,F,29.63253447,27.44544752,1.676169716,TRUE,1395
2021-10-03,F,29.63256414,27.44515378,1.676126306,FALSE,1396
2021-01-16,M,29.6325938,27.44486003,1.676082896,FALSE,1397
2021-10-10,M,29.63262347,27.44456629,1.676039486,FALSE,1398
2021-01-11,M,29.63265313,27.44427255,1.675996076,FALSE,1399
2021-02-27,M,29.63268279,27.44397881,1.675952666,FALSE,1400
2021-02-17,M,29.63271246,27.44368506,1.675909256,TRUE,1401
2021-06-18,M,29.63274212,27.44339132,1.675865846,TRUE,1402
2021-07-14,F,29.63277179,27.44309758,1.675822436,FALSE,1403
2021-11-29,F,29.63280145,27.44280384,1.675779026,FALSE,1404
2021-04-03,F,29.63283111,27.4425101,1.675735616,FALSE,1405
2021-10-17,M,29.63286078,27.44221635,1.675692206,FALSE,1406
2021-10-06,F,29.63289044,27.44192261,1.675648796,FALSE,1407
2021-08-19,F,29.63292011,27.44162887,1.675605386,FALSE,1408
2021-05-29,F,29.63294977,27.44133513,1.675561976,FALSE,1409
2021-07-08,F,29.63297943,27.44104138,1.675518566,TRUE,1410
2021-04-05,M,29.6330091,27.44074764,1.675475155,FALSE,1411
2021-08-13,M,29.63303876,27.4404539,1.675431745,TRUE,1412
2021-09-24,M,29.63306843,27.44016016,1.675388335,FALSE,1413
2021-11-14,M,29.63309809,27.43986641,1.675344925,FALSE,1414
2021-01-01,M,29.63312776,27.43957267,1.675301515,TRUE,1415
2021-07-01,F,29.63315742,27.43927893,1.675258105,FALSE,1416
2021-12-05,M,29.63318708,27.43898519,1.675214695,FALSE,1417
2021-05-08,M,29.63321675,27.43869145,1.675171285,FALSE,1418
2021-02-02,F,29.63324641,27.4383977,1.675127875,FALSE,1419
2021-06-26,F,29.63327608,27.43810396,1.675084465,FALSE,1420
2021-03-28,F,29.63330574,27.43781022,1.675041055,FALSE,1421
2021-10-05,M,29.6333354,27.43751648,1.674997645,FALSE,1422
2021-02-23,F,29.63336507,27.43722273,1.674954235,FALSE,1423
2021-02-17,F,29.63339473,27.43692899,1.674910825,FALSE,1424
2021-05-25,F,29.6334244,27.43663525,1.674867415,TRUE,1425
2021-02-13,F,29.63345406,27.43634151,1.674824005,FALSE,1426
2021-05-27,F,29.63348372,27.43604776,1.674780595,FALSE,1427
2021-01-22,M,29.63351339,27.43575402,1.674737185,FALSE,1428
2021-01-25,F,29.63354305,27.43546028,1.674693775,FALSE,1429
2021-08-21,M,29.63357272,27.43516654,1.674650365,FALSE,1430
2021-11-06,M,29.63360238,27.4348728,1.674606955,TRUE,1431
2021-02-17,M,29.63363204,27.43457905,1.674563545,FALSE,1432
2021-07-10,M,29.63366171,27.43428531,1.674520135,FALSE,1433
2021-08-28,M,29.63369137,27.43399157,1.674476724,FALSE,1434
2021-08-09,M,29.63372104,27.43369783,1.674433314,FALSE,1435
2021-09-05,F,29.6337507,27.43340408,1.674389904,FALSE,1436
2021-07-09,M,29.63378036,27.43311034,1.674346494,FALSE,1437
2021-12-28,F,29.63381003,27.4328166,1.674303084,FALSE,1438
2021-11-06,M,29.63383969,27.43252286,1.674259674,FALSE,1439
2021-12-06,M,29.63386936,27.43222912,1.674216264,FALSE,1440
2021-12-03,F,29.63389902,27.43193537,1.674172854,FALSE,1441
2021-07-30,M,29.63392868,27.43164163,1.674129444,FALSE,1442
2021-04-22,F,29.63395835,27.43134789,1.674086034,TRUE,1443
2021-10-13,F,29.63398801,27.43105415,1.674042624,FALSE,1444
2021-07-09,M,29.63401768,27.4307604,1.673999214,FALSE,1445
2021-01-23,F,29.63404734,27.43046666,1.673955804,TRUE,1446
2021-04-12,M,29.634077,27.43017292,1.673912394,FALSE,1447
2021-06-26,F,29.63410667,27.42987918,1.673868984,FALSE,1448
2021-06-30,M,29.63413633,27.42958543,1.673825574,FALSE,1449
2021-07-24,M,29.634166,27.42929169,1.673782164,FALSE,1450
2021-11-11,M,29.63419566,27.42899795,1.673738754,TRUE,1451
2021-03-12,F,29.63422532,27.42870421,1.673695344,FALSE,1452
2021-04-11,F,29.63425499,27.42841047,1.673651934,FALSE,1453
2021-10-29,F,29.63428465,27.42811672,1.673608524,FALSE,1454
2021-11-20,M,29.63431432,27.42782298,1.673565114,FALSE,1455
2021-03-18,M,29.63434398,27.42752924,1.673521704,FALSE,1456
2021-07-25,M,29.63437364,27.4272355,1.673478293,FALSE,1457
2021-12-28,F,29.63440331,27.42694175,1.673434883,FALSE,1458
2021-07-07,F,29.63443297,27.42664801,1.673391473,FALSE,1459
2021-08-13,M,29.63446264,27.42635427,1.673348063,FALSE,1460
2021-04-11,M,29.6344923,27.42606053,1.673304653,FALSE,1461
2021-12-18,F,29.63452196,27.42576678,1.673261243,FALSE,1462
2021-01-29,M,29.63455163,27.42547304,1.673217833,FALSE,1463
2021-05-24,F,29.63458129,27.4251793,1.673174423,FALSE,1464
2021-07-03,M,29.63461096,27.42488556,1.673131013,FALSE,1465
2021-02-03,M,29.63464062,27.42459182,1.673087603,FALSE,1466
2021-12-30,M,29.63467028,27.42429807,1.673044193,FALSE,1467
2021-03-24,F,29.63469995,27.42400433,1.673000783,FALSE,1468
2021-06-22,M,29.63472961,27.42371059,1.672957373,FALSE,1469
2021-07-03,F,29.63475928,27.42341685,1.672913963,FALSE,1470
2021-06-23,F,29.63478894,27.4231231,1.672870553,FALSE,1471
2021-07-27,F,29.6348186,27.42282936,1.672827143,FALSE,1472
2021-03-26,M,29.63484827,27.42253562,1.672783733,FALSE,1473
2021-10-02,M,29.63487793,27.42224188,1.672740323,FALSE,1474
2021-06-13,M,29.6349076,27.42194813,1.672696913,TRUE,1475
2021-11-05,M,29.63493726,27.42165439,1.672653503,FALSE,1476
2021-02-01,M,29.63496692,27.42136065,1.672610093,FALSE,1477
2021-11-01,F,29.63499659,27.42106691,1.672566683,FALSE,1478
2021-10-05,M,29.63502625,27.42077317,1.672523273,FALSE,1479
2021-07-29,M,29.63505592,27.42047942,1.672479862,FALSE,1480
2021-08-22,F,29.63508558,27.42018568,1.672436452,FALSE,1481
2021-10-09,M,29.63511525,27.41989194,1.672393042,FALSE,1482
2021-01-20,M,29.63514491,27.4195982,1.672349632,TRUE,1483
2021-09-29,F,29.63517457,27.41930445,1.672306222,FALSE,1484
2021-05-02,F,29.63520424,27.41901071,1.672262812,FALSE,1485
2021-03-07,M,29.6352339,27.41871697,1.672219402,FALSE,1486
2021-07-28,M,29.63526357,27.41842323,1.672175992,FALSE,1487
2021-06-25,F,29.63529323,27.41812948,1.672132582,FALSE,1488
2021-09-18,M,29.63532289,27.41783574,1.672089172,TRUE,1489
2021-07-01,M,29.63535256,27.417542,1.672045762,FALSE,1490
2021-09-23,M,29.63538222,27.41724826,1.672002352,FALSE,1491
2021-11-19,M,29.63541189,27.41695452,1.671958942,FALSE,1492
2021-11-01,M,29.63544155,27.41666077,1.671915532,FALSE,1493
2021-12-20,M,29.63547121,27.41636703,1.671872122,TRUE,1494
2021-08-27,F,29.63550088,27.41607329,1.671828712,FALSE,1495
2021-04-22,M,29.63553054,27.41577955,1.671785302,FALSE,1496
2021-07-23,F,29.63556021,27.4154858,1.671741892,FALSE,1497
2021-01-05,M,29.63558987,27.41519206,1.671698482,FALSE,1498
2021-01-07,M,29.63561953,27.41489832,1.671655072,TRUE,1499
2021-07-22,M,29.6356492,27.41460458,1.671611662,FALSE,1500
2021-10-26,F,29.63567886,27.41431084,1.671568252,FALSE,1501
2021-02-22,F,29.63570853,27.41401709,1.671524842,FALSE,1502
2021-08-16,M,29.63573819,27.41372335,1.671481431,FALSE,1503
2021-11-30,F,29.63576785,27.41342961,1.671438021,FALSE,1504
2021-05-28,M,29.63579752,27.41313587,1.671394611,TRUE,1505
2021-06-06,F,29.63582718,27.41284212,1.671351201,FALSE,1506
2021-02-20,M,29.63585685,27.41254838,1.671307791,FALSE,1507
2021-02-09,M,29.63588651,27.41225464,1.671264381,FALSE,1508
2021-12-12,M,29.63591617,27.4119609,1.671220971,FALSE,1509
2021-07-29,M,29.63594584,27.41166715,1.671177561,FALSE,1510
2021-10-20,M,29.6359755,27.41137341,1.671134151,FALSE,1511
2021-06-24,F,29.63600517,27.41107967,1.671090741,FALSE,1512
2021-07-02,M,29.63603483,27.41078593,1.671047331,FALSE,1513
2021-08-21,F,29.63606449,27.41049219,1.671003921,TRUE,1514
2021-05-30,M,29.63609416,27.41019844,1.670960511,TRUE,1515
2021-10-10,M,29.63612382,27.4099047,1.670917101,FALSE,1516
2021-12-13,F,29.63615349,27.40961096,1.670873691,FALSE,1517
2021-10-23,F,29.63618315,27.40931722,1.670830281,FALSE,1518
2021-09-22,F,29.63621281,27.40902347,1.670786871,FALSE,1519
2021-08-06,M,29.63624248,27.40872973,1.670743461,TRUE,1520
2021-04-03,M,29.63627214,27.40843599,1.670700051,TRUE,1521
2021-02-26,M,29.63630181,27.40814225,1.670656641,FALSE,1522
2021-09-14,M,29.63633147,27.4078485,1.670613231,FALSE,1523
2021-09-11,F,29.63636113,27.40755476,1.670569821,FALSE,1524
2021-05-21,F,29.6363908,27.40726102,1.670526411,FALSE,1525
2021-06-02,F,29.63642046,27.40696728,1.670483,FALSE,1526
2021-03-02,F,29.63645013,27.40667354,1.67043959,FALSE,1527
2021-08-05,F,29.63647979,27.40637979,1.67039618,FALSE,1528
2021-05-04,M,29.63650945,27.40608605,1.67035277,FALSE,1529
2021-07-01,M,29.63653912,27.40579231,1.67030936,TRUE,1530
2021-07-15,M,29.63656878,27.40549857,1.67026595,FALSE,1531
2021-02-16,M,29.63659845,27.40520482,1.67022254,FALSE,1532
2021-02-11,F,29.63662811,27.40491108,1.67017913,FALSE,1533
2021-03-19,F,29.63665777,27.40461734,1.67013572,FALSE,1534
2021-02-04,F,29.63668744,27.4043236,1.67009231,FALSE,1535
2021-06-05,M,29.6367171,27.40402985,1.6700489,FALSE,1536
2021-07-03,M,29.63674677,27.40373611,1.67000549,FALSE,1537
2021-02-01,M,29.63677643,27.40344237,1.66996208,FALSE,1538
2021-07-22,M,29.63680609,27.40314863,1.66991867,FALSE,1539
2021-12-15,F,29.63683576,27.40285489,1.66987526,FALSE,1540
2021-05-30,F,29.63686542,27.40256114,1.66983185,FALSE,1541
2021-05-17,F,29.63689509,27.4022674,1.66978844,FALSE,1542
2021-02-18,F,29.63692475,27.40197366,1.66974503,FALSE,1543
2021-05-26,F,29.63695441,27.40167992,1.66970162,FALSE,1544
2021-09-24,M,29.63698408,27.40138617,1.66965821,FALSE,1545
2021-11-09,M,29.63701374,27.40109243,1.6696148,FALSE,1546
2021-09-17,F,29.63704341,27.40079869,1.66957139,FALSE,1547
2021-12-13,F,29.63707307,27.40050495,1.66952798,FALSE,1548
2021-03-28,F,29.63710274,27.40021121,1.669484569,FALSE,1549
2021-07-12,F,29.6371324,27.39991746,1.669441159,FALSE,1550
2021-05-02,F,29.63716206,27.39962372,1.669397749,FALSE,1551
2021-05-30,F,29.63719173,27.39932998,1.669354339,FALSE,1552
2021-09-03,M,29.63722139,27.39903624,1.669310929,FALSE,1553
2021-05-04,F,29.63725106,27.39874249,1.669267519,FALSE,1554
2021-11-15,F,29.63728072,27.39844875,1.669224109,FALSE,1555
2021-04-17,M,29.63731038,27.39815501,1.669180699,FALSE,1556
2021-03-10,M,29.63734005,27.39786127,1.669137289,FALSE,1557
2021-10-12,F,29.63736971,27.39756752,1.669093879,FALSE,1558
2021-02-02,M,29.63739938,27.39727378,1.669050469,TRUE,1559
2021-04-24,M,29.63742904,27.39698004,1.669007059,FALSE,1560
2021-08-22,M,29.6374587,27.3966863,1.668963649,FALSE,1561
2021-04-27,F,29.63748837,27.39639256,1.668920239,FALSE,1562
2021-11-25,F,29.63751803,27.39609881,1.668876829,FALSE,1563
2021-02-21,F,29.6375477,27.39580507,1.668833419,FALSE,1564
2021-12-15,F,29.63757736,27.39551133,1.668790009,FALSE,1565
2021-09-17,M,29.63760702,27.39521759,1.668746599,FALSE,1566
2021-03-10,M,29.63763669,27.39492384,1.668703189,FALSE,1567
2021-09-04,M,29.63766635,27.3946301,1.668659779,FALSE,1568
2021-11-30,F,29.63769602,27.39433636,1.668616369,TRUE,1569
2021-09-08,M,29.63772568,27.39404262,1.668572959,TRUE,1570
2021-06-21,M,29.63775534,27.39374887,1.668529549,FALSE,1571
2021-06-11,F,29.63778501,27.39345513,1.668486138,FALSE,1572
2021-09-03,F,29.63781467,27.39316139,1.668442728,FALSE,1573
2021-08-23,F,29.63784434,27.39286765,1.668399318,FALSE,1574
2021-10-11,F,29.637874,27.39257391,1.668355908,FALSE,1575
2021-04-05,M,29.63790366,27.39228016,1.668312498,FALSE,1576
2021-09-21,F,29.63793333,27.39198642,1.668269088,TRUE,1577
2021-08-15,M,29.63796299,27.39169268,1.668225678,TRUE,1578
2021-12-03,F,29.63799266,27.39139894,1.668182268,FALSE,1579
2021-12-26,M,29.63802232,27.39110519,1.668138858,FALSE,1580
2021-03-18,M,29.63805198,27.39081145,1.668095448,TRUE,1581
2021-09-23,F,29.63808165,27.39051771,1.668052038,FALSE,1582
2021-05-16,F,29.63811131,27.39022397,1.668008628,FALSE,1583
2021-09-17,M,29.63814098,27.38993022,1.667965218,FALSE,1584
2021-05-08,F,29.63817064,27.38963648,1.667921808,FALSE,1585
2021-04-20,F,29.6382003,27.38934274,1.667878398,FALSE,1586
2021-03-04,M,29.63822997,27.389049,1.667834988,TRUE,1587
2021-12-27,M,29.63825963,27.38875526,1.667791578,FALSE,1588
2021-12-02,F,29.6382893,27.38846151,1.667748168,FALSE,1589
2021-02-07,M,29.63831896,27.38816777,1.667704758,FALSE,1590
2021-08-24,M,29.63834862,27.38787403,1.667661348,FALSE,1591
2021-12-21,M,29.63837829,27.38758029,1.667617938,FALSE,1592
2021-01-28,M,29.63840795,27.38728654,1.667574528,FALSE,1593
2021-12-05,M,29.63843762,27.3869928,1.667531118,FALSE,1594
2021-05-14,M,29.63846728,27.38669906,1.667487707,FALSE,1595
2021-03-25,F,29.63849694,27.38640532,1.667444297,FALSE,1596
2021-10-11,M,29.63852661,27.38611157,1.667400887,FALSE,1597
2021-12-13,F,29.63855627,27.38581783,1.667357477,FALSE,1598
2021-05-17,M,29.63858594,27.38552409,1.667314067,FALSE,1599
2021-07-23,F,29.6386156,27.38523035,1.667270657,FALSE,1600
2021-05-25,M,29.63864526,27.38493661,1.667227247,FALSE,1601
2021-03-09,M,29.63867493,27.38464286,1.667183837,FALSE,1602
2021-10-23,F,29.63870459,27.38434912,1.667140427,FALSE,1603
2021-11-19,F,29.63873426,27.38405538,1.667097017,FALSE,1604
2021-10-21,F,29.63876392,27.38376164,1.667053607,FALSE,1605
2021-12-03,M,29.63879358,27.38346789,1.667010197,FALSE,1606
2021-09-27,F,29.63882325,27.38317415,1.666966787,FALSE,1607
2021-03-05,M,29.63885291,27.38288041,1.666923377,FALSE,1608
2021-10-15,M,29.63888258,27.38258667,1.666879967,FALSE,1609
2021-04-09,F,29.63891224,27.38229293,1.666836557,FALSE,1610
2021-03-26,F,29.6389419,27.38199918,1.666793147,FALSE,1611
2021-09-03,M,29.63897157,27.38170544,1.666749737,FALSE,1612
2021-01-14,M,29.63900123,27.3814117,1.666706327,FALSE,1613
2021-01-29,M,29.6390309,27.38111796,1.666662917,FALSE,1614
2021-03-02,F,29.63906056,27.38082421,1.666619507,FALSE,1615
2021-01-18,M,29.63909023,27.38053047,1.666576097,FALSE,1616
2021-05-15,F,29.63911989,27.38023673,1.666532687,FALSE,1617
2021-09-16,F,29.63914955,27.37994299,1.666489276,TRUE,1618
2021-11-05,F,29.63917922,27.37964924,1.666445866,FALSE,1619
2021-12-11,F,29.63920888,27.3793555,1.666402456,FALSE,1620
2021-12-20,M,29.63923855,27.37906176,1.666359046,FALSE,1621
2021-02-16,F,29.63926821,27.37876802,1.666315636,FALSE,1622
2021-08-18,M,29.63929787,27.37847428,1.666272226,FALSE,1623
2021-05-18,M,29.63932754,27.37818053,1.666228816,TRUE,1624
2021-08-15,F,29.6393572,27.37788679,1.666185406,FALSE,1625
2021-08-11,M,29.63938687,27.37759305,1.666141996,TRUE,1626
2021-08-21,M,29.63941653,27.37729931,1.666098586,FALSE,1627
2021-02-11,M,29.63944619,27.37700556,1.666055176,TRUE,1628
2021-09-12,M,29.63947586,27.37671182,1.666011766,FALSE,1629
2021-02-15,F,29.63950552,27.37641808,1.665968356,FALSE,1630
2021-04-11,F,29.63953519,27.37612434,1.665924946,FALSE,1631
2021-07-07,F,29.63956485,27.37583059,1.665881536,FALSE,1632
2021-10-08,M,29.63959451,27.37553685,1.665838126,FALSE,1633
2021-12-25,M,29.63962418,27.37524311,1.665794716,FALSE,1634
2021-03-17,F,29.63965384,27.37494937,1.665751306,FALSE,1635
2021-05-13,F,29.63968351,27.37465563,1.665707896,TRUE,1636
2021-07-05,M,29.63971317,27.37436188,1.665664486,TRUE,1637
2021-09-28,M,29.63974283,27.37406814,1.665621076,TRUE,1638
2021-09-16,F,29.6397725,27.3737744,1.665577666,TRUE,1639
2021-09-28,M,29.63980216,27.37348066,1.665534256,FALSE,1640
2021-03-26,M,29.63983183,27.37318691,1.665490845,FALSE,1641
2021-05-08,F,29.63986149,27.37289317,1.665447435,FALSE,1642
2021-04-15,F,29.63989115,27.37259943,1.665404025,FALSE,1643
2021-07-13,F,29.63992082,27.37230569,1.665360615,FALSE,1644
2021-01-15,F,29.63995048,27.37201194,1.665317205,FALSE,1645
2021-12-27,M,29.63998015,27.3717182,1.665273795,FALSE,1646
2021-08-29,M,29.64000981,27.37142446,1.665230385,FALSE,1647
2021-04-10,F,29.64003947,27.37113072,1.665186975,FALSE,1648
2021-09-11,M,29.64006914,27.37083698,1.665143565,FALSE,1649
2021-03-08,F,29.6400988,27.37054323,1.665100155,FALSE,1650
2021-06-04,M,29.64012847,27.37024949,1.665056745,FALSE,1651
2021-04-13,F,29.64015813,27.36995575,1.665013335,FALSE,1652
2021-06-09,F,29.64018779,27.36966201,1.664969925,FALSE,1653
2021-12-06,F,29.64021746,27.36936826,1.664926515,TRUE,1654
2021-02-04,F,29.64024712,27.36907452,1.664883105,FALSE,1655
2021-11-27,M,29.64027679,27.36878078,1.664839695,FALSE,1656
2021-08-14,F,29.64030645,27.36848704,1.664796285,FALSE,1657
2021-02-18,M,29.64033611,27.36819329,1.664752875,FALSE,1658
2021-08-28,M,29.64036578,27.36789955,1.664709465,FALSE,1659
2021-11-04,M,29.64039544,27.36760581,1.664666055,FALSE,1660
2021-06-23,F,29.64042511,27.36731207,1.664622645,FALSE,1661
2021-10-25,F,29.64045477,27.36701833,1.664579235,FALSE,1662
2021-09-28,M,29.64048443,27.36672458,1.664535825,FALSE,1663
2021-09-13,F,29.6405141,27.36643084,1.664492414,FALSE,1664
2021-08-22,M,29.64054376,27.3661371,1.664449004,FALSE,1665
2021-07-28,F,29.64057343,27.36584336,1.664405594,FALSE,1666
2021-12-14,F,29.64060309,27.36554961,1.664362184,FALSE,1667
2021-01-25,F,29.64063275,27.36525587,1.664318774,FALSE,1668
2021-08-14,F,29.64066242,27.36496213,1.664275364,FALSE,1669
2021-05-23,M,29.64069208,27.36466839,1.664231954,FALSE,1670
2021-04-02,M,29.64072175,27.36437465,1.664188544,FALSE,1671
2021-09-10,F,29.64075141,27.3640809,1.664145134,FALSE,1672
2021-01-08,M,29.64078107,27.36378716,1.664101724,FALSE,1673
2021-03-14,M,29.64081074,27.36349342,1.664058314,TRUE,1674
2021-11-19,M,29.6408404,27.36319968,1.664014904,FALSE,1675
2021-08-07,M,29.64087007,27.36290593,1.663971494,FALSE,1676
2021-10-13,M,29.64089973,27.36261219,1.663928084,FALSE,1677
2021-09-20,M,29.64092939,27.36231845,1.663884674,FALSE,1678
2021-05-29,F,29.64095906,27.36202471,1.663841264,FALSE,1679
2021-06-30,F,29.64098872,27.36173096,1.663797854,FALSE,1680
2021-12-18,F,29.64101839,27.36143722,1.663754444,FALSE,1681
2021-01-15,M,29.64104805,27.36114348,1.663711034,FALSE,1682
2021-02-03,F,29.64107772,27.36084974,1.663667624,FALSE,1683
2021-10-21,M,29.64110738,27.360556,1.663624214,FALSE,1684
2021-11-12,F,29.64113704,27.36026225,1.663580804,FALSE,1685
2021-09-13,F,29.64116671,27.35996851,1.663537394,FALSE,1686
2021-02-13,F,29.64119637,27.35967477,1.663493983,FALSE,1687
2021-10-20,M,29.64122604,27.35938103,1.663450573,TRUE,1688
2021-03-10,F,29.6412557,27.35908728,1.663407163,FALSE,1689
2021-01-28,F,29.64128536,27.35879354,1.663363753,FALSE,1690
2021-01-01,F,29.64131503,27.3584998,1.663320343,FALSE,1691
2021-06-11,M,29.64134469,27.35820606,1.663276933,FALSE,1692
2021-01-25,F,29.64137436,27.35791231,1.663233523,TRUE,1693
2021-01-01,F,29.64140402,27.35761857,1.663190113,FALSE,1694
2021-12-02,F,29.64143368,27.35732483,1.663146703,FALSE,1695
2021-02-08,M,29.64146335,27.35703109,1.663103293,FALSE,1696
2021-07-25,M,29.64149301,27.35673735,1.663059883,FALSE,1697
2021-05-01,M,29.64152268,27.3564436,1.663016473,FALSE,1698
2021-04-17,M,29.64155234,27.35614986,1.662973063,FALSE,1699
2021-09-30,F,29.641582,27.35585612,1.662929653,FALSE,1700
2021-12-26,F,29.64161167,27.35556238,1.662886243,TRUE,1701
2021-06-28,M,29.64164133,27.35526863,1.662842833,FALSE,1702
2021-05-26,F,29.641671,27.35497489,1.662799423,TRUE,1703
2021-12-21,M,29.64170066,27.35468115,1.662756013,FALSE,1704
2021-03-19,F,29.64173032,27.35438741,1.662712603,FALSE,1705
2021-03-15,F,29.64175999,27.35409366,1.662669193,FALSE,1706
2021-04-14,M,29.64178965,27.35379992,1.662625783,FALSE,1707
2021-09-18,M,29.64181932,27.35350618,1.662582373,TRUE,1708
2021-08-01,M,29.64184898,27.35321244,1.662538963,TRUE,1709
2021-11-15,F,29.64187864,27.3529187,1.662495552,FALSE,1710
2021-03-13,M,29.64190831,27.35262495,1.662452142,TRUE,1711
2021-09-14,F,29.64193797,27.35233121,1.662408732,FALSE,1712
2021-05-28,F,29.64196764,27.35203747,1.662365322,TRUE,1713
2021-04-03,M,29.6419973,27.35174373,1.662321912,FALSE,1714
2021-04-30,M,29.64202696,27.35144998,1.662278502,FALSE,1715
2021-09-19,F,29.64205663,27.35115624,1.662235092,FALSE,1716
2021-12-14,F,29.64208629,27.3508625,1.662191682,FALSE,1717
2021-05-19,M,29.64211596,27.35056876,1.662148272,FALSE,1718
2021-08-02,M,29.64214562,27.35027502,1.662104862,FALSE,1719
2021-10-30,M,29.64217528,27.34998127,1.662061452,FALSE,1720
2021-09-24,F,29.64220495,27.34968753,1.662018042,FALSE,1721
2021-04-22,F,29.64223461,27.34939379,1.661974632,FALSE,1722
2021-11-29,F,29.64226428,27.34910005,1.661931222,FALSE,1723
2021-05-28,F,29.64229394,27.3488063,1.661887812,FALSE,1724
2021-11-11,F,29.6423236,27.34851256,1.661844402,FALSE,1725
2021-10-27,M,29.64235327,27.34821882,1.661800992,FALSE,1726
2021-07-16,M,29.64238293,27.34792508,1.661757582,TRUE,1727
2021-02-23,M,29.6424126,27.34763133,1.661714172,FALSE,1728
2021-06-05,M,29.64244226,27.34733759,1.661670762,FALSE,1729
2021-03-28,M,29.64247192,27.34704385,1.661627352,FALSE,1730
2021-02-22,M,29.64250159,27.34675011,1.661583942,FALSE,1731
2021-05-01,M,29.64253125,27.34645637,1.661540532,FALSE,1732
2021-04-30,M,29.64256092,27.34616262,1.661497121,FALSE,1733
2021-12-27,F,29.64259058,27.34586888,1.661453711,FALSE,1734
2021-09-21,M,29.64262024,27.34557514,1.661410301,FALSE,1735
2021-03-04,F,29.64264991,27.3452814,1.661366891,FALSE,1736
2021-12-24,F,29.64267957,27.34498765,1.661323481,FALSE,1737
2021-11-04,F,29.64270924,27.34469391,1.661280071,FALSE,1738
2021-04-03,F,29.6427389,27.34440017,1.661236661,FALSE,1739
2021-03-26,F,29.64276856,27.34410643,1.661193251,TRUE,1740
2021-04-02,F,29.64279823,27.34381268,1.661149841,TRUE,1741
2021-09-20,F,29.64282789,27.34351894,1.661106431,FALSE,1742
2021-06-05,M,29.64285756,27.3432252,1.661063021,FALSE,1743
2021-07-29,M,29.64288722,27.34293146,1.661019611,FALSE,1744
2021-02-02,M,29.64291688,27.34263772,1.660976201,FALSE,1745
2021-11-22,F,29.64294655,27.34234397,1.660932791,FALSE,1746
2021-01-01,F,29.64297621,27.34205023,1.660889381,FALSE,1747
2021-09-01,F,29.64300588,27.34175649,1.660845971,FALSE,1748
2021-07-26,F,29.64303554,27.34146275,1.660802561,FALSE,1749
2021-04-10,M,29.64306521,27.341169,1.660759151,FALSE,1750
2021-01-11,F,29.64309487,27.34087526,1.660715741,FALSE,1751
2021-01-21,M,29.64312453,27.34058152,1.660672331,FALSE,1752
2021-01-06,F,29.6431542,27.34028778,1.660628921,FALSE,1753
2021-02-06,M,29.64318386,27.33999403,1.660585511,FALSE,1754
2021-08-02,M,29.64321353,27.33970029,1.660542101,FALSE,1755
2021-07-22,M,29.64324319,27.33940655,1.66049869,FALSE,1756
2021-10-24,F,29.64327285,27.33911281,1.66045528,FALSE,1757
2021-06-13,F,29.64330252,27.33881907,1.66041187,FALSE,1758
2021-05-13,M,29.64333218,27.33852532,1.66036846,FALSE,1759
2021-07-24,F,29.64336185,27.33823158,1.66032505,FALSE,1760
2021-06-16,F,29.64339151,27.33793784,1.66028164,FALSE,1761
2021-04-13,M,29.64342117,27.3376441,1.66023823,FALSE,1762
2021-07-21,M,29.64345084,27.33735035,1.66019482,FALSE,1763
2021-05-16,M,29.6434805,27.33705661,1.66015141,FALSE,1764
2021-03-01,M,29.64351017,27.33676287,1.660108,FALSE,1765
2021-05-13,F,29.64353983,27.33646913,1.66006459,FALSE,1766
2021-12-03,M,29.64356949,27.33617538,1.66002118,FALSE,1767
2021-09-02,M,29.64359916,27.33588164,1.65997777,FALSE,1768
2021-03-11,M,29.64362882,27.3355879,1.65993436,FALSE,1769
2021-05-19,F,29.64365849,27.33529416,1.65989095,TRUE,1770
2021-05-17,M,29.64368815,27.33500042,1.65984754,FALSE,1771
2021-06-28,M,29.64371781,27.33470667,1.65980413,FALSE,1772
2021-09-30,M,29.64374748,27.33441293,1.65976072,FALSE,1773
2021-02-16,F,29.64377714,27.33411919,1.65971731,TRUE,1774
2021-01-08,M,29.64380681,27.33382545,1.6596739,FALSE,1775
2021-09-08,F,29.64383647,27.3335317,1.65963049,FALSE,1776
2021-12-30,F,29.64386613,27.33323796,1.65958708,FALSE,1777
2021-04-28,F,29.6438958,27.33294422,1.65954367,FALSE,1778
2021-12-05,F,29.64392546,27.33265048,1.65950026,FALSE,1779
2021-03-19,F,29.64395513,27.33235674,1.659456849,FALSE,1780
2021-01-14,M,29.64398479,27.33206299,1.659413439,FALSE,1781
2021-07-24,F,29.64401445,27.33176925,1.659370029,FALSE,1782
2021-05-04,F,29.64404412,27.33147551,1.659326619,FALSE,1783
2021-04-03,F,29.64407378,27.33118177,1.659283209,FALSE,1784
2021-01-30,F,29.64410345,27.33088802,1.659239799,FALSE,1785
2021-12-01,F,29.64413311,27.33059428,1.659196389,FALSE,1786
2021-03-01,M,29.64416277,27.33030054,1.659152979,FALSE,1787
2021-11-17,F,29.64419244,27.3300068,1.659109569,FALSE,1788
2021-04-12,M,29.6442221,27.32971305,1.659066159,FALSE,1789
2021-07-08,M,29.64425177,27.32941931,1.659022749,FALSE,1790
2021-06-22,M,29.64428143,27.32912557,1.658979339,FALSE,1791
2021-09-29,F,29.64431109,27.32883183,1.658935929,FALSE,1792
2021-06-21,M,29.64434076,27.32853809,1.658892519,FALSE,1793
2021-03-15,F,29.64437042,27.32824434,1.658849109,FALSE,1794
2021-10-27,M,29.64440009,27.3279506,1.658805699,FALSE,1795
2021-04-03,M,29.64442975,27.32765686,1.658762289,FALSE,1796
2021-08-25,M,29.64445941,27.32736312,1.658718879,FALSE,1797
2021-01-18,F,29.64448908,27.32706937,1.658675469,FALSE,1798
2021-05-27,F,29.64451874,27.32677563,1.658632059,FALSE,1799
2021-09-20,M,29.64454841,27.32648189,1.658588649,FALSE,1800
2021-08-29,F,29.64457807,27.32618815,1.658545239,FALSE,1801
2021-02-19,M,29.64460773,27.3258944,1.658501829,FALSE,1802
2021-05-15,M,29.6446374,27.32560066,1.658458418,FALSE,1803
2021-08-29,F,29.64466706,27.32530692,1.658415008,FALSE,1804
2021-10-01,M,29.64469673,27.32501318,1.658371598,TRUE,1805
2021-06-11,F,29.64472639,27.32471944,1.658328188,FALSE,1806
2021-12-13,F,29.64475605,27.32442569,1.658284778,FALSE,1807
2021-03-01,F,29.64478572,27.32413195,1.658241368,TRUE,1808
2021-04-21,F,29.64481538,27.32383821,1.658197958,FALSE,1809
2021-04-22,F,29.64484505,27.32354447,1.658154548,FALSE,1810
2021-05-23,M,29.64487471,27.32325072,1.658111138,FALSE,1811
2021-10-27,F,29.64490437,27.32295698,1.658067728,FALSE,1812
2021-01-03,F,29.64493404,27.32266324,1.658024318,FALSE,1813
2021-12-26,M,29.6449637,27.3223695,1.657980908,FALSE,1814
2021-11-04,M,29.64499337,27.32207575,1.657937498,FALSE,1815
2021-05-04,M,29.64502303,27.32178201,1.657894088,FALSE,1816
2021-04-22,M,29.6450527,27.32148827,1.657850678,FALSE,1817
2021-10-24,M,29.64508236,27.32119453,1.657807268,FALSE,1818
2021-04-03,M,29.64511202,27.32090079,1.657763858,FALSE,1819
2021-08-20,F,29.64514169,27.32060704,1.657720448,TRUE,1820
2021-12-08,M,29.64517135,27.3203133,1.657677038,TRUE,1821
2021-04-01,M,29.64520102,27.32001956,1.657633628,FALSE,1822
2021-09-25,M,29.64523068,27.31972582,1.657590218,FALSE,1823
2021-06-04,F,29.64526034,27.31943207,1.657546808,FALSE,1824
2021-11-04,F,29.64529001,27.31913833,1.657503398,FALSE,1825
2021-01-02,M,29.64531967,27.31884459,1.657459987,FALSE,1826
2021-05-16,F,29.64534934,27.31855085,1.657416577,FALSE,1827
2021-05-18,F,29.645379,27.31825711,1.657373167,FALSE,1828
2021-10-22,M,29.64540866,27.31796336,1.657329757,FALSE,1829
2021-02-16,F,29.64543833,27.31766962,1.657286347,FALSE,1830
2021-01-22,M,29.64546799,27.31737588,1.657242937,FALSE,1831
2021-06-24,F,29.64549766,27.31708214,1.657199527,TRUE,1832
2021-04-13,M,29.64552732,27.31678839,1.657156117,FALSE,1833
2021-06-25,F,29.64555698,27.31649465,1.657112707,FALSE,1834
2021-02-21,F,29.64558665,27.31620091,1.657069297,FALSE,1835
2021-05-27,F,29.64561631,27.31590717,1.657025887,FALSE,1836
2021-11-10,M,29.64564598,27.31561342,1.656982477,FALSE,1837
2021-04-21,F,29.64567564,27.31531968,1.656939067,FALSE,1838
2021-01-03,M,29.6457053,27.31502594,1.656895657,FALSE,1839
2021-07-01,M,29.64573497,27.3147322,1.656852247,FALSE,1840
2021-01-17,F,29.64576463,27.31443846,1.656808837,FALSE,1841
2021-07-09,M,29.6457943,27.31414471,1.656765427,FALSE,1842
2021-10-09,M,29.64582396,27.31385097,1.656722017,FALSE,1843
2021-03-26,F,29.64585362,27.31355723,1.656678607,FALSE,1844
2021-08-18,F,29.64588329,27.31326349,1.656635197,FALSE,1845
2021-07-17,F,29.64591295,27.31296974,1.656591787,FALSE,1846
2021-11-16,M,29.64594262,27.312676,1.656548377,FALSE,1847
2021-09-28,F,29.64597228,27.31238226,1.656504967,FALSE,1848
2021-10-14,M,29.64600194,27.31208852,1.656461556,FALSE,1849
2021-12-16,F,29.64603161,27.31179477,1.656418146,FALSE,1850
2021-01-02,M,29.64606127,27.31150103,1.656374736,FALSE,1851
2021-08-29,M,29.64609094,27.31120729,1.656331326,FALSE,1852
2021-01-20,F,29.6461206,27.31091355,1.656287916,FALSE,1853
2021-01-10,M,29.64615026,27.31061981,1.656244506,FALSE,1854
2021-01-15,M,29.64617993,27.31032606,1.656201096,FALSE,1855
2021-08-10,M,29.64620959,27.31003232,1.656157686,TRUE,1856
2021-10-06,F,29.64623926,27.30973858,1.656114276,FALSE,1857
2021-10-07,F,29.64626892,27.30944484,1.656070866,FALSE,1858
2021-10-22,F,29.64629858,27.30915109,1.656027456,FALSE,1859
2021-09-13,F,29.64632825,27.30885735,1.655984046,FALSE,1860
2021-04-23,M,29.64635791,27.30856361,1.655940636,FALSE,1861
2021-06-13,F,29.64638758,27.30826987,1.655897226,FALSE,1862
2021-06-03,M,29.64641724,27.30797612,1.655853816,FALSE,1863
2021-10-16,M,29.6464469,27.30768238,1.655810406,FALSE,1864
2021-10-03,F,29.64647657,27.30738864,1.655766996,FALSE,1865
2021-11-26,F,29.64650623,27.3070949,1.655723586,FALSE,1866
2021-11-23,F,29.6465359,27.30680116,1.655680176,FALSE,1867
2021-06-20,M,29.64656556,27.30650741,1.655636766,FALSE,1868
2021-04-02,F,29.64659522,27.30621367,1.655593356,TRUE,1869
2021-04-06,F,29.64662489,27.30591993,1.655549946,FALSE,1870
2021-04-21,M,29.64665455,27.30562619,1.655506536,FALSE,1871
2021-08-24,F,29.64668422,27.30533244,1.655463125,FALSE,1872
2021-07-07,F,29.64671388,27.3050387,1.655419715,FALSE,1873
2021-02-13,F,29.64674354,27.30474496,1.655376305,FALSE,1874
2021-10-25,M,29.64677321,27.30445122,1.655332895,FALSE,1875
2021-09-14,M,29.64680287,27.30415747,1.655289485,FALSE,1876
2021-10-03,F,29.64683254,27.30386373,1.655246075,TRUE,1877
2021-02-13,F,29.6468622,27.30356999,1.655202665,FALSE,1878
2021-10-27,M,29.64689186,27.30327625,1.655159255,FALSE,1879
2021-03-29,M,29.64692153,27.30298251,1.655115845,FALSE,1880
2021-08-07,M,29.64695119,27.30268876,1.655072435,FALSE,1881
2021-07-26,M,29.64698086,27.30239502,1.655029025,TRUE,1882
2021-01-25,F,29.64701052,27.30210128,1.654985615,FALSE,1883
2021-07-01,M,29.64704019,27.30180754,1.654942205,FALSE,1884
2021-01-25,F,29.64706985,27.30151379,1.654898795,FALSE,1885
2021-05-11,M,29.64709951,27.30122005,1.654855385,FALSE,1886
2021-03-02,F,29.64712918,27.30092631,1.654811975,FALSE,1887
2021-10-10,M,29.64715884,27.30063257,1.654768565,FALSE,1888
2021-06-05,M,29.64718851,27.30033883,1.654725155,FALSE,1889
2021-06-12,F,29.64721817,27.30004508,1.654681745,FALSE,1890
2021-02-19,F,29.64724783,27.29975134,1.654638335,TRUE,1891
2021-03-21,M,29.6472775,27.2994576,1.654594925,FALSE,1892
2021-12-06,F,29.64730716,27.29916386,1.654551515,FALSE,1893
2021-07-24,F,29.64733683,27.29887011,1.654508105,FALSE,1894
2021-05-07,M,29.64736649,27.29857637,1.654464694,FALSE,1895
2021-12-06,M,29.64739615,27.29828263,1.654421284,TRUE,1896
2021-12-25,M,29.64742582,27.29798889,1.654377874,FALSE,1897
2021-03-02,M,29.64745548,27.29769514,1.654334464,FALSE,1898
2021-11-18,F,29.64748515,27.2974014,1.654291054,FALSE,1899
2021-06-29,F,29.64751481,27.29710766,1.654247644,FALSE,1900
2021-10-27,M,29.64754447,27.29681392,1.654204234,FALSE,1901
2021-02-01,M,29.64757414,27.29652018,1.654160824,TRUE,1902
2021-02-10,M,29.6476038,27.29622643,1.654117414,FALSE,1903
2021-12-29,F,29.64763347,27.29593269,1.654074004,FALSE,1904
2021-10-17,M,29.64766313,27.29563895,1.654030594,FALSE,1905
2021-10-04,M,29.64769279,27.29534521,1.653987184,TRUE,1906
2021-09-09,F,29.64772246,27.29505146,1.653943774,FALSE,1907
2021-03-24,M,29.64775212,27.29475772,1.653900364,FALSE,1908
2021-06-22,F,29.64778179,27.29446398,1.653856954,FALSE,1909
2021-07-30,M,29.64781145,27.29417024,1.653813544,FALSE,1910
2021-12-27,M,29.64784111,27.29387649,1.653770134,TRUE,1911
2021-05-07,F,29.64787078,27.29358275,1.653726724,FALSE,1912
2021-09-26,M,29.64790044,27.29328901,1.653683314,FALSE,1913
2021-11-18,M,29.64793011,27.29299527,1.653639904,FALSE,1914
2021-03-06,M,29.64795977,27.29270153,1.653596494,FALSE,1915
2021-06-28,F,29.64798943,27.29240778,1.653553084,FALSE,1916
2021-05-21,F,29.6480191,27.29211404,1.653509674,FALSE,1917
2021-08-21,F,29.64804876,27.2918203,1.653466263,TRUE,1918
2021-02-23,F,29.64807843,27.29152656,1.653422853,FALSE,1919
2021-11-09,F,29.64810809,27.29123281,1.653379443,FALSE,1920
2021-02-17,F,29.64813775,27.29093907,1.653336033,FALSE,1921
2021-10-07,M,29.64816742,27.29064533,1.653292623,FALSE,1922
2021-03-09,M,29.64819708,27.29035159,1.653249213,FALSE,1923
2021-07-08,F,29.64822675,27.29005784,1.653205803,TRUE,1924
2021-05-09,M,29.64825641,27.2897641,1.653162393,FALSE,1925
2021-03-12,M,29.64828607,27.28947036,1.653118983,FALSE,1926
2021-04-09,M,29.64831574,27.28917662,1.653075573,FALSE,1927
2021-12-27,F,29.6483454,27.28888288,1.653032163,FALSE,1928
2021-10-28,F,29.64837507,27.28858913,1.652988753,FALSE,1929
2021-08-10,F,29.64840473,27.28829539,1.652945343,FALSE,1930
2021-08-29,F,29.64843439,27.28800165,1.652901933,TRUE,1931
2021-03-26,F,29.64846406,27.28770791,1.652858523,FALSE,1932
2021-10-21,F,29.64849372,27.28741416,1.652815113,FALSE,1933
2021-02-28,M,29.64852339,27.28712042,1.652771703,FALSE,1934
2021-01-05,M,29.64855305,27.28682668,1.652728293,FALSE,1935
2021-06-18,M,29.64858271,27.28653294,1.652684883,TRUE,1936
2021-01-16,M,29.64861238,27.2862392,1.652641473,TRUE,1937
2021-11-22,F,29.64864204,27.28594545,1.652598063,TRUE,1938
2021-04-17,F,29.64867171,27.28565171,1.652554653,FALSE,1939
2021-07-07,F,29.64870137,27.28535797,1.652511243,FALSE,1940
2021-01-09,F,29.64873103,27.28506423,1.652467832,FALSE,1941
2021-12-03,F,29.6487607,27.28477048,1.652424422,TRUE,1942
2021-09-09,F,29.64879036,27.28447674,1.652381012,FALSE,1943
2021-11-30,F,29.64882003,27.284183,1.652337602,FALSE,1944
2021-06-29,F,29.64884969,27.28388926,1.652294192,FALSE,1945
2021-05-21,M,29.64887935,27.28359551,1.652250782,TRUE,1946
2021-08-07,F,29.64890902,27.28330177,1.652207372,FALSE,1947
2021-05-20,M,29.64893868,27.28300803,1.652163962,FALSE,1948
2021-03-02,F,29.64896835,27.28271429,1.652120552,FALSE,1949
2021-06-26,M,29.64899801,27.28242055,1.652077142,TRUE,1950
2021-04-12,M,29.64902768,27.2821268,1.652033732,FALSE,1951
2021-11-12,M,29.64905734,27.28183306,1.651990322,FALSE,1952
2021-09-01,M,29.649087,27.28153932,1.651946912,FALSE,1953
2021-01-26,M,29.64911667,27.28124558,1.651903502,FALSE,1954
2021-12-11,M,29.64914633,27.28095183,1.651860092,FALSE,1955
2021-09-18,F,29.649176,27.28065809,1.651816682,FALSE,1956
2021-06-10,M,29.64920566,27.28036435,1.651773272,FALSE,1957
2021-11-04,M,29.64923532,27.28007061,1.651729862,FALSE,1958
2021-08-18,M,29.64926499,27.27977686,1.651686452,FALSE,1959
2021-05-10,M,29.64929465,27.27948312,1.651643042,FALSE,1960
2021-10-21,F,29.64932432,27.27918938,1.651599632,TRUE,1961
2021-02-01,F,29.64935398,27.27889564,1.651556222,FALSE,1962
2021-02-27,M,29.64938364,27.2786019,1.651512812,FALSE,1963
2021-03-05,F,29.64941331,27.27830815,1.651469401,FALSE,1964
2021-07-24,M,29.64944297,27.27801441,1.651425991,FALSE,1965
2021-07-18,F,29.64947264,27.27772067,1.651382581,FALSE,1966
2021-05-24,F,29.6495023,27.27742693,1.651339171,FALSE,1967
2021-05-07,F,29.64953196,27.27713318,1.651295761,TRUE,1968
2021-08-30,M,29.64956163,27.27683944,1.651252351,FALSE,1969
2021-06-12,F,29.64959129,27.2765457,1.651208941,FALSE,1970
2021-02-17,F,29.64962096,27.27625196,1.651165531,TRUE,1971
2021-10-15,F,29.64965062,27.27595821,1.651122121,FALSE,1972
2021-09-15,F,29.64968028,27.27566447,1.651078711,FALSE,1973
2021-02-11,M,29.64970995,27.27537073,1.651035301,FALSE,1974
2021-04-25,F,29.64973961,27.27507699,1.650991891,FALSE,1975
2021-11-13,F,29.64976928,27.27478325,1.650948481,FALSE,1976
2021-11-06,M,29.64979894,27.2744895,1.650905071,FALSE,1977
2021-07-02,M,29.6498286,27.27419576,1.650861661,FALSE,1978
2021-07-23,F,29.64985827,27.27390202,1.650818251,FALSE,1979
2021-09-06,F,29.64988793,27.27360828,1.650774841,FALSE,1980
2021-12-14,F,29.6499176,27.27331453,1.650731431,FALSE,1981
2021-01-29,M,29.64994726,27.27302079,1.650688021,FALSE,1982
2021-05-16,M,29.64997692,27.27272705,1.650644611,FALSE,1983
2021-03-04,F,29.65000659,27.27243331,1.650601201,FALSE,1984
2021-07-12,M,29.65003625,27.27213956,1.650557791,FALSE,1985
2021-09-30,F,29.65006592,27.27184582,1.650514381,FALSE,1986
2021-03-05,M,29.65009558,27.27155208,1.65047097,FALSE,1987
2021-03-27,F,29.65012524,27.27125834,1.65042756,FALSE,1988
2021-03-03,F,29.65015491,27.2709646,1.65038415,FALSE,1989
2021-07-03,F,29.65018457,27.27067085,1.65034074,FALSE,1990
2021-03-29,F,29.65021424,27.27037711,1.65029733,FALSE,1991
2021-04-03,M,29.6502439,27.27008337,1.65025392,FALSE,1992
2021-07-11,F,29.65027356,27.26978963,1.65021051,FALSE,1993
2021-07-07,F,29.65030323,27.26949588,1.6501671,FALSE,1994
2021-01-14,M,29.65033289,27.26920214,1.65012369,FALSE,1995
2021-08-10,F,29.65036256,27.2689084,1.65008028,FALSE,1996
2021-08-24,F,29.65039222,27.26861466,1.65003687,FALSE,1997
2021-02-13,F,29.65042188,27.26832092,1.64999346,FALSE,1998
2021-02-09,F,29.65045155,27.26802717,1.64995005,FALSE,1999
2021-11-12,F,29.65048121,27.26773343,1.64990664,FALSE,2000
